X1,X2,X3,X4,X5,X6,X7,X8,X9,X10,y
0.006208625,0.642823058,0.390545277,0.403877949,0.385296504,0.824382716,0.489390218,0.34654194,0.181496707,0.212827126,1
0.347438022,0.651683232,0.883569117,0.066232049,0.533626227,0.916335645,0.517108125,0.95218444,0.743040828,0.501715085,1
0.420932427,0.844980153,0.103981273,0.021929131,0.715848262,0.369891463,0.21452115,0.650132732,0.893232489,0.884309248,0
0.210828741,0.569908482,0.565554612,0.96450826,0.289713375,0.482631732,0.783518029,0.598332479,0.177497421,0.994046217,0
0.548855281,0.427715393,0.675186773,0.70317097,0.823460508,0.930405045,0.619769621,0.279738774,0.331144805,0.771198127,0
0.902481323,0.734434793,0.643098996,0.847560256,0.705171644,0.164583671,0.557467157,0.338847252,0.642626541,0.329064427,0
0.430328094,0.643339613,0.247888064,0.058831619,0.540550901,0.409622484,0.991510591,0.221661416,0.106025118,0.653757457,1
0.269920106,0.3729714,0.159545143,0.550143996,0.13167157,0.324690648,0.945086445,0.496619437,0.560165803,0.25707713,1
0.165844247,0.040565817,0.509179569,0.437343945,0.725019645,0.047457101,0.605668334,0.403834922,0.203845431,0.984469817,1
0.660138043,0.955333419,0.467035206,0.430916558,0.174257927,0.376550359,0.227454234,0.648888838,0.106149572,0.873891742,0
0.938989216,0.901496783,0.83109478,0.381538745,0.141096702,0.305666294,0.341053865,0.648923432,0.354023872,0.041526251,0
0.373631164,0.402049495,0.055754789,0.82062573,0.149257055,0.865214922,0.472497775,0.646001203,0.594866815,0.591865301,1
0.691027758,0.552966371,0.078013681,0.617398453,0.225594106,0.729489041,0.601507809,0.277111452,0.163172053,0.488016493,1
0.444390134,0.624999062,0.66359722,0.787704507,0.220787842,0.410473979,0.398461071,0.214779598,0.276145613,0.805486127,1
0.588763701,0.348560467,0.410239733,0.629837931,0.664849511,0.540129373,0.068394249,0.615351335,0.638931817,0.037116492,1
0.637021503,0.545012522,0.160291271,0.018801352,0.930006486,0.643651101,0.123318044,0.990916882,0.860382123,0.905780266,1
0.799700176,0.076576498,0.191779356,0.693657164,0.640717501,0.99552633,0.918443382,0.371944534,0.506234717,0.789442774,1
0.729866889,0.009371033,0.493436023,0.787332816,0.120574674,0.293162601,0.300471617,0.406874254,0.146086292,0.284073683,0
0.885058678,0.143814101,0.581246008,0.960075117,0.190104402,0.624194432,0.669245684,0.600154739,0.855090348,0.224852304,1
0.559800973,0.456822788,0.389744547,0.469904711,0.277052338,0.556860135,0.933016796,0.902080096,0.980716779,0.612824598,0
0.284845324,0.145470727,0.224369956,0.373365721,0.204636096,0.28224717,0.86526437,0.550521628,0.102759052,0.172734305,1
0.987294194,0.509318451,0.004869269,0.694745705,0.373904983,0.81910542,0.383600189,0.440493654,0.776838986,0.308777906,1
0.033946659,0.203260935,0.441621458,0.957267029,0.674837642,0.677306746,0.933995543,0.722596492,0.7653861,0.324105108,1
0.378751657,0.548901317,0.346081883,0.238981575,0.492256337,0.381372807,0.562508862,0.492302866,0.283782757,0.560744333,1
0.394520439,0.891499718,0.264758038,0.090966413,0.013963244,0.235198399,0.943289369,0.598436306,0.741518472,0.700086372,1
0.445684681,0.177847643,0.641816837,0.037272337,0.142341614,0.256728219,0.566824612,0.250239342,0.364831865,0.51939168,1
0.585045086,0.012638521,0.090371085,0.787452282,0.181123021,0.031979684,0.506894296,0.459844299,0.620549329,0.48737846,1
0.07153368,0.861346379,0.348287869,0.250527245,0.789520871,0.952311602,0.922197971,0.670632716,0.514498329,0.998734104,1
0.509596953,0.88643578,0.420755885,0.793672734,0.986998275,0.609636029,0.752338524,0.038527784,0.044614073,0.080755933,1
0.984901613,0.011718181,0.981813028,0.143940333,0.211360864,0.12455372,0.930763467,0.073738774,0.280910458,0.134351707,1
0.954208474,0.429128781,0.973715213,0.574863529,0.839433585,0.974546373,0.282745823,0.984391191,0.433059879,0.777931516,0
0.420378269,0.874728734,0.508036038,0.968299031,0.317407695,0.034566355,0.932347594,0.05570192,0.484805999,0.705128115,0
0.240560798,0.215854963,0.551790453,0.625744532,0.65965266,0.860997442,0.517879444,0.452095922,0.897551883,0.030128646,1
0.673863327,0.70059012,0.133049956,0.841761937,0.614656593,0.600130722,0.919629823,0.405266994,0.517934149,0.34210739,0
0.224253792,0.309593017,0.770326748,0.752990103,0.249176816,0.713583999,0.519085761,0.543327479,0.870544164,0.227568103,1
0.969871523,0.035922849,0.008660709,0.002436906,0.575937593,0.880783333,0.538035729,0.301360191,0.620203309,0.640269847,0
0.629001422,0.117020112,0.798366934,0.011806897,0.049677026,0.380152078,0.221996445,0.793692021,0.4501878,0.530037784,1
0.653601776,0.204510302,0.579009723,0.203860386,0.680057271,0.952348268,0.932467189,0.170163249,0.358709166,0.842582131,1
0.294107981,0.333643254,0.230933614,0.809772476,0.309998022,0.830607783,0.156486841,0.152126157,0.50883573,0.050321412,1
0.681906491,0.302987493,0.453522526,0.786631795,0.634161604,0.446378411,0.935302016,0.258427992,0.566289291,0.792667919,1
0.579146147,0.681350559,0.760092688,0.682418237,0.676924278,0.004766391,0.668160958,0.288169585,0.984769579,0.904496701,1
0.261456237,0.947039744,0.64276248,0.698515773,0.868232823,0.88629263,0.256244589,0.819363291,0.112419716,0.483507533,0
0.079215833,0.724307081,0.255158821,0.488228933,0.311813449,0.247446977,0.969730724,0.271010951,0.253548626,0.936165816,1
0.311089971,0.075914683,0.565459354,0.220032673,0.983352023,0.377853169,0.231540388,0.24149894,0.528663213,0.738257247,1
0.9746269,0.850336768,0.798425024,0.727513158,0.849026771,0.270864061,0.849008315,0.478027393,0.04545144,0.755533032,1
0.51435258,0.273175124,0.833536093,0.462264683,0.114891058,0.179788468,0.76539395,0.227031805,0.213000231,0.173306548,1
0.869309209,0.627819681,0.991587066,0.699014629,0.106615756,0.140066719,0.179732622,0.115233784,0.179678292,0.334839424,1
0.430091801,0.002606006,0.565051476,0.582907789,0.722662773,0.191729357,0.633895146,0.341841828,0.325686665,0.787907695,1
0.924939647,0.387223291,0.307629404,0.497943431,0.450156415,0.193992501,0.643084174,0.838732428,0.336384267,0.928055174,1
0.798903061,0.172605689,0.627620684,0.962215895,0.498474449,0.926738212,0.279245198,0.519277264,0.898652698,0.122370935,1
0.817149385,0.328396804,0.35768554,0.702325702,0.710846074,0.259337835,0.025184306,0.082994677,0.867118377,0.845408828,0
0.108703666,0.5011443,0.132577929,0.281252758,0.774978934,0.781862549,0.412630727,0.394222311,0.218422518,0.392039011,0
0.436718128,0.785745183,0.330962469,0.409835838,0.415650781,0.050865347,0.279384262,0.103188489,0.867031382,0.585697882,1
0.821075652,0.226995689,0.10705425,0.38261204,0.146823277,0.615692588,0.354289143,0.628964556,0.940744556,0.778960273,1
0.161005702,0.082110885,0.045343361,0.190985494,0.883608857,0.812531788,0.017477125,0.874196608,0.147106725,0.332361419,1
0.714948774,0.543747244,0.815797466,0.976967435,0.315228843,0.96337914,0.501856814,0.37147153,0.037365609,0.813940786,0
0.846041556,0.658810211,0.107415808,0.383016604,0.860471876,0.653851551,0.373518619,0.946637925,0.139080028,0.125711659,1
0.186856697,0.692024412,0.179716962,0.733706861,0.441815473,0.433314057,0.623565958,0.594871236,0.657725092,0.866400962,1
0.788566916,0.840876271,0.871587826,0.787338245,0.980478453,0.080920805,0.094086349,0.753703997,0.432240623,0.262711834,1
0.290806457,0.15221671,0.645309651,0.354277795,0.727440851,0.940041521,0.118093766,0.809320389,0.622546293,0.954304969,0
0.719489711,0.816406283,0.690946294,0.658484224,0.096266938,0.208291867,0.896087887,0.23014788,0.45507681,0.032680347,1
0.09195527,0.85421701,0.817077052,0.770589755,0.679090472,0.634846756,0.320948679,0.596479384,0.020058298,0.331531023,1
0.874844304,0.281999698,0.714246182,0.906217353,0.890096785,0.319523168,0.418325301,0.050491253,0.670158718,0.353434279,1
0.091932402,0.294730742,0.010981633,0.895361872,0.19588635,0.491743053,0.992105701,0.735784462,0.450765721,0.171729944,1
0.631567342,0.268304373,0.446409934,0.812443996,0.191913612,0.833385523,0.622242041,0.584815668,0.299927115,0.623871023,1
0.168636681,0.636078609,0.781868827,0.479820908,0.292427396,0.24293281,0.02885809,0.11191874,0.550970905,0.289942729,0
0.690012278,0.40020502,0.473476503,0.5454884,0.295570098,0.65056802,0.684585051,0.443637985,0.998336287,0.683117956,0
0.177220389,0.074807177,0.684592179,0.139547688,0.752103591,0.085174458,0.215557817,0.654702065,0.10212763,0.933350077,1
0.977274368,0.944346987,0.585728318,0.481395846,0.76308966,0.649287155,0.954190576,0.975146598,0.552053235,0.213855639,0
0.438630314,0.189792597,0.413551455,0.579055973,0.500576915,0.889482843,0.541701144,0.681179882,0.646629922,0.096364847,0
0.440469634,0.386098084,0.141506543,0.798054611,0.085586683,0.116040099,0.151852685,0.070023524,0.317974972,0.523196324,0
0.499230527,0.601441408,0.412261733,0.591206106,0.174216633,0.622334347,0.945291994,0.965835264,0.396031126,0.656356544,0
0.832706011,0.249327069,0.527490651,0.191030942,0.364013509,0.389358918,0.856078871,0.384447539,0.651366876,0.870364254,1
0.490376638,0.071642287,0.68194374,0.94138827,0.714464982,0.127036566,0.903111419,0.891518603,0.233671548,0.118413499,0
0.272586055,0.400488241,0.513087567,0.879910392,0.851055032,0.059450523,0.632223773,0.095598494,0.348091418,0.449117887,0
0.63511454,0.367933523,0.793241452,0.135118299,0.45496651,0.013568967,0.243236023,0.591514439,0.750765001,0.64315311,1
0.737114875,0.963138769,0.851422117,0.785023833,0.208646901,0.845499363,0.762091965,0.228234683,0.049801094,0.810977765,0
0.027393544,0.397466363,0.591855701,0.262902586,0.652149026,0.828885045,0.881333588,0.730137802,0.715653309,0.111000189,1
0.362806059,0.197103139,0.106527496,0.40600968,0.415330994,0.227611728,0.356433828,0.112908289,0.998797563,0.993395923,0
0.008992617,0.564400816,0.34230442,0.712377734,0.789582911,0.324338125,0.621905461,0.915950807,0.50606794,0.055902105,0
0.994141844,0.628579902,0.036670391,0.79569672,0.647142604,0.408800725,0.084061962,0.589160304,0.525443541,0.547349579,1
0.71515073,0.053909766,0.264802415,0.548338833,0.227825644,0.845996838,0.924538697,0.739015568,0.251415173,0.969166645,1
0.857634299,0.643532129,0.072009653,0.650600235,0.969656752,0.585727103,0.090871594,0.789789904,0.285612113,0.738680173,1
0.821958524,0.784390492,0.63138088,0.856124987,0.32059139,0.64593201,0.988943793,0.263418525,0.391859888,0.883584511,0
0.458335491,0.006005085,0.680486508,0.054623009,0.847266074,0.330011231,0.374468532,0.668950594,0.297593829,0.756936838,0
0.738689939,0.654287771,0.446043985,0.274787024,0.221681583,0.534845952,0.28713348,0.212318616,0.316305058,0.003434193,0
0.335044025,0.783975578,0.681234315,0.599126871,0.240236794,0.869919252,0.372352888,0.108796463,0.216719607,0.704483928,0
0.60835737,0.921931582,0.651460771,0.217813579,0.377121575,0.728868634,0.849971317,0.463462812,0.970802038,0.487337469,0
0.416923118,0.147528028,0.500191845,0.595008707,0.762967158,0.706052361,0.251547572,0.911684841,0.793617651,0.37565809,1
0.125530429,0.669671783,0.348853443,0.783744242,0.903124192,0.729895939,0.156410338,0.703668719,0.129744214,0.208173417,1
0.117008495,0.511799633,0.128203144,0.982681637,0.988212985,0.16439681,0.030859873,0.984215204,0.562305425,0.682258834,1
0.520138606,0.661166662,0.853621086,0.742315938,0.395335904,0.227576666,0.818882816,0.017024341,0.691836994,0.067781717,1
0.006596059,0.168851562,0.222037417,0.803194495,0.245562994,0.781750905,0.343515027,0.201290649,0.190509067,0.775194281,0
0.49800386,0.111042392,0.057081733,0.760884065,0.420353434,0.715856211,0.481709202,0.135069512,0.207056949,0.092776976,0
0.294986245,0.203101029,0.251815119,0.725958651,0.381729299,0.899019911,0.97505341,0.753700946,0.421832901,0.744984017,1
0.181869821,0.268689212,0.296813675,0.225017968,0.981001531,0.540344829,0.79523998,0.772277815,0.426954342,0.632227185,0
0.068094062,0.121903388,0.220980427,0.816527606,0.581928346,0.366069394,0.382379599,0.248583679,0.204024328,0.469764514,0
0.485134298,0.198947628,0.480664108,0.220484996,0.320903087,0.942018398,0.570105793,0.620653626,0.218727103,0.572501153,1
0.766014517,0.058163344,0.422648049,0.108798516,0.773627296,0.357036184,0.95903447,0.195424308,0.699434898,0.885509402,1
0.551216145,0.417496726,0.476531188,0.225519173,0.627019632,0.267581003,0.92587624,0.420578456,0.257759326,0.951474975,1
0.150870649,0.172866876,0.210924762,0.202927154,0.187951076,0.155840737,0.014984536,0.141957956,0.054239489,0.72248,0
0.823819467,0.148952028,0.41418403,0.729672847,0.291034096,0.730185716,0.423926229,0.801791638,0.323963607,0.165279031,1
0.429745052,0.034911563,0.865722069,0.450727501,0.093766414,0.74736277,0.879989646,0.584024876,0.079665369,0.781523308,1
0.935502544,0.018542037,0.333044836,0.348501772,0.676096143,0.599756905,0.490444219,0.015427665,0.961944352,0.570963265,1
0.975457617,0.845684574,0.216263313,0.247588578,0.74807359,0.203021594,0.138924528,0.048085152,0.09399565,0.385547107,0
0.564102505,0.268716978,0.679661129,0.379459025,0.882265496,0.135472822,0.52083894,0.821688985,0.53641077,0.022247648,0
0.575308197,0.32370943,0.805973718,0.950416081,0.677119826,0.945102005,0.965885561,0.504325715,0.738657398,0.36994664,1
0.394367964,0.481547028,0.811639712,0.82281709,0.635245094,0.896272373,0.49626263,0.174675087,0.65144057,0.280919176,0
0.56454817,0.179948637,0.599008199,0.5921893,0.154875336,0.18754929,0.732132923,0.421382203,0.182176985,0.152420891,1
0.684770499,0.868585508,0.111197143,0.206330508,0.405509515,0.417986271,0.245252757,0.271910209,0.293339686,0.72320589,0
0.104909119,0.464890098,0.975963406,0.998589689,0.179823618,0.675900315,0.296835741,0.535729894,0.223689986,0.214171486,1
0.19540141,0.795483601,0.090037002,0.037967904,0.817078551,0.85824203,0.991400559,0.358464182,0.351052117,0.106560058,1
0.587160608,0.863104706,0.615207991,0.950600551,0.639264562,0.929864551,0.64060776,0.858024392,0.667291935,0.733018093,1
0.545658461,0.006868969,0.176644503,0.500241803,0.63283135,0.228590876,0.988839805,0.662549031,0.824625783,0.114217263,1
0.447390878,0.621069521,0.759302842,0.021249344,0.683230266,0.607529794,0.826763785,0.297330408,0.879029395,0.578234416,1
0.888734256,0.977466204,0.004206555,0.456506715,0.832843672,0.985285708,0.764774737,0.427307023,0.983089171,0.845995043,1
0.021317736,0.184622907,0.184499201,0.160349118,0.717668159,0.411556692,0.706815598,0.058974307,0.715631269,0.234878306,0
0.227006341,0.411410557,0.1072953,0.648734106,0.893517723,0.880570189,0.59726221,0.135219295,0.948099469,0.055974555,0
0.743896956,0.677265208,0.8325932,0.550214381,0.357889228,0.236519428,0.834114071,0.241950381,0.643040391,0.757941948,1
0.161371676,0.041382972,0.485916203,0.339703476,0.450760725,0.446487555,0.517113013,0.193843225,0.257203309,0.988914375,1
0.762886415,0.719855221,0.167792866,0.349840876,0.898834572,0.214132699,0.115569897,0.43246575,0.688295924,0.260458816,0
0.034504214,0.193756484,0.744793127,0.673775902,0.619153864,0.135594476,0.313238559,0.97143081,0.687580483,0.823918697,1
0.806916331,0.177539652,0.461421126,0.854273783,0.953081877,0.191943817,0.433035859,0.335797259,0.673115883,0.807431599,1
0.207575649,0.50452107,0.692515095,0.869280835,0.560556068,0.093636992,0.009358477,0.255139929,0.275878788,0.839678368,1
0.793082711,0.459355673,0.514934069,0.2892769,0.519339744,0.089782708,0.750208092,0.879061929,0.58097492,0.335411369,0
0.270638092,0.488650278,0.915822246,0.104939117,0.433567825,0.48133148,0.522845923,0.384113553,0.67799985,0.945643329,1
0.250281557,0.927950649,0.251199463,0.280476163,0.383677694,0.100592398,0.48727143,0.330043181,0.190518908,0.91619748,1
0.936218473,0.280730491,0.173437347,0.205573746,0.538924272,0.641137417,0.684824176,0.726507665,0.494748045,0.111265551,1
0.75445417,0.054768539,0.05169547,0.151046244,0.673767273,0.720315405,0.214783358,0.820947723,0.028411016,0.706817231,0
0.112438289,0.581487424,0.285575065,0.185129431,0.151777732,0.4214264,0.583768897,0.180750466,0.634527328,0.293927056,1
0.638008423,0.90228571,0.894544077,0.661934119,0.049490499,0.874296123,0.345885267,0.446428411,0.868184548,0.866297252,0
0.585994468,0.354345824,0.946744707,0.286575033,0.880273538,0.50009908,0.379487288,0.169515472,0.622724463,0.008405627,0
0.128477192,0.154586951,0.25720033,0.68443523,0.528977613,0.383205153,0.018487931,0.588400964,0.498396146,0.701619825,1
0.019034905,0.068334424,0.35850041,0.731197222,0.460219129,0.470951176,0.803792348,0.355694727,0.398820988,0.986006611,0
0.490962358,0.093627751,0.760715633,0.20602968,0.275080808,0.777092351,0.627998332,0.078554732,0.03922758,0.45022282,1
0.645242215,0.384641561,0.70946125,0.563996887,0.149269391,0.315737765,0.922122937,0.34176164,0.890923882,0.119785522,0
0.517993752,0.931321023,0.863015629,0.057635903,0.854145442,0.17490661,0.79156598,0.694532883,0.65400645,0.98604518,0
0.37875103,0.133273287,0.914029173,0.802778753,0.062666503,0.986270248,0.329575293,0.106557088,0.177679007,0.855303728,1
0.360524663,0.332299662,0.66086974,0.939452084,0.416448617,0.05782667,0.330723016,0.852459674,0.423031437,0.572410499,0
0.77262422,0.891989815,0.106702221,0.594867966,0.434272412,0.847266548,0.533896465,0.522857465,0.068939453,0.843183098,1
0.857908333,0.282083892,0.18395404,0.305338949,0.18260775,0.029103181,0.7055571,0.105031969,0.88534521,0.223933834,0
0.130508774,0.684160036,0.710138611,0.371883699,0.366044296,0.053435123,0.801016485,0.116400581,0.330112073,0.505277859,1
0.286489589,0.63581631,0.533596149,0.089644008,0.988146415,0.01706094,0.59375768,0.476591752,0.301167103,0.449378228,0
0.639500356,0.950555094,0.155181254,0.081991612,0.236661747,0.121174685,0.632403108,0.313924978,0.42550381,0.355356164,1
0.923405517,0.221203195,0.391171514,0.15782947,0.492929504,0.627610498,0.193696806,0.102781826,0.991101893,0.763577591,0
0.406707577,0.80090016,0.767910265,0.912402891,0.490290646,0.993763612,0.962482572,0.985204514,0.186660941,0.224190356,1
0.629859766,0.605918251,0.95816907,0.278115559,0.086204113,0.899632081,0.435687447,0.633204291,0.298376823,0.633102384,1
0.53442961,0.101571414,0.739389973,0.394793178,0.929839811,0.540812774,0.114491984,0.670550266,0.827284335,0.847917865,1
0.243697108,0.249386092,0.7245013,0.016010444,0.559273719,0.986968622,0.040730254,0.526596598,0.143887713,0.264815461,1
0.308423356,0.039457303,0.24891182,0.669695981,0.766664762,0.025737813,0.655392384,0.762753783,0.604436556,0.861532481,1
0.110037537,0.574680314,0.693127795,0.398378202,0.617274269,0.609974845,0.429500003,0.811822118,0.63637249,0.840348608,1
0.979573361,0.955668239,0.052241703,0.755440436,0.799908358,0.98274771,0.212780595,0.527431094,0.795262001,0.213181276,1
0.111732956,0.417961228,0.079309876,0.33234953,0.085261572,0.509785146,0.210404496,0.916938311,0.000541623,0.82185827,1
0.605578672,0.455836464,0.043530921,0.632719677,0.924832928,0.919078487,0.279419248,0.810246028,0.596719636,0.960812418,1
0.287990654,0.758851294,0.707618039,0.206205253,0.334163415,0.463065653,0.555589842,0.36498552,0.347380116,0.869779867,0
0.471408308,0.931835474,0.09482168,0.29718623,0.070889718,0.20706736,0.324558048,0.232364031,0.695860197,0.201322593,1
0.883001202,0.532165365,0.586940419,0.894303817,0.862200563,0.518056949,0.634288719,0.766770589,0.150130623,0.091402293,0
0.288316871,0.962300707,0.893987328,0.300316428,0.691187511,0.581470606,0.080030998,0.460240642,0.516032731,0.877882735,0
0.184934391,0.479400287,0.537050923,0.239539146,0.368811156,0.514225978,0.632626763,0.08863994,0.102222475,0.137856572,0
0.963962721,0.584632155,0.924725103,0.35921492,0.648742106,0.400778146,0.4516787,0.340316398,0.623437307,0.675194023,0
0.406803864,0.760605063,0.970600118,0.836696919,0.877908705,0.072214606,0.312494241,0.443708109,0.350245211,0.829599005,0
0.466313361,0.956799203,0.292726474,0.062667463,0.722276105,0.443102738,0.263156199,0.521341762,0.957823041,0.338135752,1
0.610672872,0.922964453,0.374907896,0.754088433,0.881991461,0.78174156,0.495420742,0.359556396,0.389556045,0.681109655,1
0.410010734,0.696487068,0.778921666,0.580857438,0.356769915,0.413703498,0.35745793,0.965524759,0.257044811,0.326631255,0
0.881567518,0.217034282,0.050260052,0.850957364,0.515905483,0.796813629,0.380450966,0.391845339,0.547089045,0.514091645,0
0.87643257,0.746384151,0.685081997,0.790925156,0.367271372,0.578260528,0.749406712,0.893569345,0.266400858,0.118110686,1
0.281366463,0.506635358,0.028666154,0.201960141,0.292706883,0.94944656,0.877755479,0.871889248,0.951890985,0.430735765,1
0.642928952,0.042270369,0.410658055,0.129353551,0.496784483,0.892944775,0.757378541,0.399283935,0.706208905,0.518016772,0
0.72495869,0.246256433,0.605648445,0.691106106,0.374947833,0.141530248,0.278496866,0.383413593,0.389946328,0.582002152,0
0.312230395,0.467973459,0.765245935,0.311473689,0.978832391,0.722293228,0.665561227,0.603136864,0.537406496,0.430463744,1
0.648115286,0.736695876,0.485311009,0.143380307,0.07933143,0.163360311,0.477519132,0.52448239,0.253282166,0.952917947,1
0.097587094,0.245909063,0.406498369,0.154889945,0.35327616,0.741454015,0.046527022,0.754291209,0.103740701,0.522349931,0
0.536996791,0.212070654,0.475872883,0.370982775,0.644529125,0.721351571,0.071998499,0.616596127,0.232820685,0.102782302,0
0.197139545,0.970607971,0.837005191,0.876311844,0.960497141,0.813987161,0.978829859,0.47865909,0.181525542,0.681213983,0
0.201791863,0.007081796,0.137799747,0.266949965,0.500053093,0.773446117,0.41979552,0.141543388,0.487502507,0.093694312,1
0.054383443,0.834586651,0.028276822,0.170053165,0.929473689,0.015969965,0.569346677,0.994525168,0.89714241,0.748483485,1
0.672280573,0.289101975,0.971750626,0.162728809,0.924348735,0.877811324,0.411827239,0.273205596,0.042407956,0.377937104,1
0.397115796,0.537786466,0.379500115,0.364880753,0.064536667,0.933771279,0.517616825,0.76942138,0.278493145,0.914635642,0
0.266572083,0.81821628,0.177656058,0.284853409,0.227758829,0.795111898,0.943160735,0.261122621,0.069789333,0.139536377,0
0.381138134,0.001737602,0.305949564,0.775728335,0.53287569,0.427654565,0.021304483,0.976972886,0.525533619,0.429866548,0
0.391126805,0.255571752,0.562772055,0.319575069,0.209129825,0.321550534,0.391489577,0.352446555,0.759673775,0.626524594,1
0.147341983,0.675538455,0.865489984,0.276931963,0.630724223,0.945891533,0.197337604,0.314802374,0.338833459,0.800696119,1
0.090670795,0.530706986,0.218287234,0.7879239,0.739082984,0.178801745,0.304468304,0.32532629,0.357847849,0.654489166,1
0.072352762,0.881859343,0.888573762,0.271016666,0.306008182,0.001656249,0.716219123,0.075695027,0.983266611,0.832153256,0
0.985484447,0.810342786,0.33789732,0.598778064,0.127102051,0.353492511,0.2857308,0.7330337,0.424774724,0.63518251,1
0.853948128,0.138623314,0.771942921,0.027329491,0.45794919,0.386754104,0.205193487,0.838477395,0.016184446,0.413025054,0
0.98503818,0.568085643,0.188822034,0.651682236,0.764959883,0.094979268,0.101254433,0.505057021,0.151023466,0.472453573,1
0.115344867,0.416129635,0.301664667,0.102909643,0.350681042,0.054138135,0.547445175,0.4488834,0.398431191,0.047378503,0
0.168475387,0.04677017,0.965619957,0.683964624,0.122563724,0.668061731,0.755542097,0.216477863,0.477113988,0.055513111,0
0.56728665,0.027961008,0.665062106,0.791763974,0.345039106,0.724810835,0.407149833,0.102217896,0.683245103,0.710200076,0
0.206167125,0.205753083,0.551847714,0.198251002,0.755291176,0.811396746,0.877960392,0.405529935,0.101548177,0.763706645,1
0.825266261,0.349948776,0.988611067,0.659120158,0.429637437,0.367776017,0.482252012,0.410068411,0.043512914,0.391242132,0
0.279202957,0.810208442,0.8367398,0.768566641,0.898062723,0.376913181,0.765556622,0.954169866,0.453789928,0.699224005,1
0.895591171,0.068527482,0.029351034,0.310941425,0.2946981,0.186906852,0.431647371,0.414615781,0.751557841,0.434300158,0
0.562766901,0.691155511,0.828481225,0.216359872,0.455722888,0.828557444,0.788542399,0.019622061,0.45199901,0.584084684,0
0.712628253,0.363220673,0.515800102,0.419875371,0.399113998,0.505099989,0.789904394,0.160427563,0.575622628,0.818965463,0
0.856599536,0.710753721,0.47853009,0.450546887,0.029110557,0.254008382,0.980820099,0.471059263,0.380175762,0.819320552,1
0.044595006,0.474523984,0.768351185,0.028687315,0.365113172,0.021086128,0.720812522,0.348948644,0.089429542,0.051573963,1
0.564262683,0.286795214,0.297593106,0.654502666,0.08872339,0.799756049,0.383905991,0.665974688,0.882542851,0.468991907,0
0.034015345,0.557394399,0.561839042,0.488611286,0.043732664,0.285259387,0.54284548,0.72701995,0.10283165,0.076411447,0
0.806154344,0.934746152,0.231934556,0.832523488,0.650649467,0.491863244,0.356884068,0.624007622,0.693136663,0.300713254,0
0.506205622,0.308097846,0.142381119,0.532226894,0.404510039,0.623568391,0.549870884,0.887264144,0.716779651,0.721994273,0
0.331316581,0.362860167,0.401088514,0.803423629,0.020746331,0.953433046,0.605161774,0.525788274,0.843423014,0.237245701,0
0.38972472,0.84985132,0.599535669,0.654427773,0.381293598,0.897084962,0.300253381,0.793644052,0.697481691,0.406554116,1
0.541377816,0.946200787,0.557927241,0.407503641,0.124920061,0.181670006,0.449890082,0.254992255,0.048054503,0.531714477,0
0.971414485,0.356711609,0.35435689,0.344275084,0.721834083,0.475235452,0.353777893,0.643043201,0.237775907,0.437003324,1
0.569910329,0.238500778,0.642097535,0.445968844,0.77001008,0.835822338,0.051788267,0.126109557,0.253759647,0.010211305,1
0.236965197,0.76897817,0.528494153,0.662531374,0.391075724,0.203749458,0.831266073,0.308782229,0.623408116,0.436034572,0
0.273979364,0.927532358,0.684159191,0.415646346,0.041818059,0.747790839,0.257045662,0.156884371,0.373618499,0.38500405,0
0.108240437,0.412713913,0.021742975,0.943744441,0.261279856,0.80976379,0.953038796,0.502962493,0.54945233,0.143678931,0
0.603652726,0.955829558,0.34242826,0.451191185,0.539643462,0.901879405,0.824592691,0.899204181,0.262947798,0.45355122,0
0.52692497,0.237597504,0.271947469,0.166479819,0.789040289,0.644236818,0.764944797,0.277806523,0.41443755,0.954828456,1
0.234758135,0.195914,0.63802691,0.095183002,0.07464411,0.569985684,0.715209442,0.524106199,0.368438266,0.9115647,0
0.635885049,0.582539992,0.863043498,0.033862575,0.083227211,0.793941568,0.250688442,0.547185324,0.419185625,0.829508982,0
0.935468857,0.879586982,0.527880384,0.964474055,0.788622499,0.706388598,0.917411507,0.022922488,0.579559942,0.158500089,0
0.979164289,0.572359351,0.948663159,0.963243144,0.074041881,0.83896722,0.485900911,0.977589247,0.021884212,0.562296429,0
0.379941334,0.727451827,0.636049961,0.432740941,0.146428061,0.455951315,0.392245305,0.406355527,0.021734496,0.118171572,1
0.12650969,0.266246647,0.697139349,0.947127604,0.838801907,0.607102215,0.57052778,0.165353539,0.491739029,0.893118273,1
0.870335725,0.123222084,0.531467552,0.524717804,0.161085719,0.547957683,0.527305371,0.621697844,0.599710476,0.46019766,1
0.760691625,0.838956396,0.183551235,0.682053131,0.748191661,0.748315725,0.154750652,0.216498314,0.819425283,0.992428227,0
0.347115158,0.202185649,0.620753272,0.918401608,0.718141809,0.809954497,0.122764197,0.215593947,0.693821633,0.422125657,0
0.475853898,0.041554062,0.881656182,0.911319848,0.032554293,0.772800092,0.787297354,0.085312301,0.51703837,0.351589837,1
0.146634716,0.46448104,0.897077183,0.584815712,0.130574445,0.054213036,0.605945315,0.092936554,0.515005259,0.062770211,1
0.095860947,0.076598827,0.136094018,0.569155249,0.189413168,0.003358092,0.006849588,0.701365682,0.631685328,0.838781551,1
0.965658316,0.47614398,0.660255118,0.51203981,0.649253219,0.978648428,0.685359924,0.893098734,0.868791477,0.100270344,1
0.539123903,0.581309332,0.043270432,0.341877676,0.719111928,0.889820696,0.96593645,0.292452006,0.42961853,0.772464438,0
0.639979434,0.38367196,0.226897472,0.967724524,0.920775121,0.967332204,0.986786989,0.753530847,0.972378851,0.730626068,0
0.231529829,0.780966491,0.285751722,0.136028928,0.835843745,0.919720008,0.650587528,0.279059569,0.114244262,0.927831109,0
0.018250915,0.971396117,0.290621247,0.506079209,0.565822871,0.630941437,0.247757172,0.169809518,0.991507033,0.45643728,1
0.252537131,0.677223047,0.387885458,0.805025275,0.381895744,0.524581145,0.178069319,0.664034287,0.294825408,0.170702065,0
0.487512567,0.541415302,0.300595977,0.458318379,0.260379628,0.823796308,0.757596488,0.68755442,0.188865127,0.35269236,0
0.909084238,0.157252875,0.53389942,0.730301469,0.552213837,0.73146157,0.609298044,0.921482018,0.011743235,0.956566149,1
0.637683147,0.869133716,0.309844739,0.027497085,0.333389657,0.985259812,0.247667116,0.960265568,0.867437213,0.828517774,0
0.236641553,0.512096684,0.171931717,0.717766166,0.194055915,0.784552486,0.892176021,0.038394289,0.557780719,0.20874965,1
0.819085454,0.154483811,0.68196982,0.081853916,0.055512257,0.750374281,0.184081211,0.044974547,0.260726354,0.140098923,1
0.046324247,0.569860433,0.679979603,0.74641931,0.495656168,0.259290153,0.391560641,0.213167447,0.827152432,0.31736184,0
0.738179314,0.634744536,0.420974207,0.85065132,0.517265739,0.798247659,0.351671456,0.222142637,0.916015317,0.684201317,1
0.710733225,0.137282008,0.691764472,0.836996496,0.403104963,0.543462548,0.529676625,0.212089718,0.4527964,0.393360338,0
0.507523072,0.583679416,0.048488744,0.955212491,0.187848776,0.428139071,0.99564552,0.981035342,0.690205786,0.535631044,1
0.192325462,0.872294166,0.080587462,0.923001755,0.774885093,0.597093827,0.664626023,0.927624201,0.468258786,0.965149049,1
0.079058686,0.795016183,0.755114555,0.148177084,0.684949403,0.760876958,0.142774032,0.852024348,0.583470429,0.998896534,0
0.150680413,0.941954076,0.214434206,0.893691282,0.604009679,0.307856144,0.298585755,0.54300459,0.452947601,0.548271772,0
0.251801592,0.351121287,0.811042652,0.838022613,0.208030199,0.279957026,0.117416903,0.355148226,0.425711229,0.179975573,1
0.872542165,0.980019283,0.121214926,0.815549682,0.377982858,0.458359034,0.463468604,0.592131555,0.637719315,0.515309996,1
0.813837303,0.030412177,0.728220384,0.043548061,0.684192199,0.149157987,0.055764357,0.992363535,0.040638736,0.13153261,1
0.003740572,0.193545424,0.849387894,0.039476974,0.940688313,0.042407819,0.215280722,0.859409537,0.120285111,0.559523724,1
0.024401436,0.041392926,0.721688127,0.612963517,0.498354466,0.11638723,0.145476212,0.050249155,0.531897933,0.51687306,1
0.220678939,0.709502791,0.303689817,0.889861577,0.293041343,0.136476564,0.84030753,0.609204907,0.818552601,0.530118707,0
0.205289263,0.995922875,0.780668076,0.845350029,0.851887958,0.242870757,0.638158552,0.790278156,0.361891878,0.628974717,0
0.673913554,0.022716644,0.522707825,0.778523633,0.291654513,0.597854074,0.308286899,0.803385245,0.833698714,0.890451998,0
0.089551523,0.839915957,0.099453241,0.860560872,0.148702682,0.388125949,0.262922975,0.033120118,0.149071419,0.356147395,1
0.60800549,0.90205094,0.424565165,0.880730169,0.058955058,0.687901575,0.907813761,0.769270325,0.585349596,0.975206655,0
0.213961365,0.23605985,0.089117867,0.928353638,0.364445988,0.979360899,0.630159946,0.636708546,0.346591172,0.00829377,0
0.561867396,0.385416915,0.68146625,0.625925611,0.064086151,0.759314851,0.659525803,0.047472734,0.710696343,0.120502041,0
0.004762663,0.434046842,0.085021399,0.089396521,0.351191116,0.3476012,0.296296653,0.086087048,0.921539811,0.682608055,1
0.517508563,0.081194714,0.611532233,0.663427609,0.752710364,0.311783056,0.285204518,0.555975167,0.761350517,0.83059724,1
0.213077373,0.927097327,0.824481749,0.608172376,0.096866939,0.535238987,0.07626436,0.218902216,0.578250238,0.786933156,0
0.53722352,0.59378017,0.616743386,0.862529498,0.291110873,0.420134199,0.96829675,0.532888039,0.871423702,0.855776108,0
0.880232174,0.218735172,0.054041425,0.985411252,0.837600558,0.535247282,0.705620968,0.004917261,0.797912224,0.339041504,1
0.999947032,0.62530618,0.846650042,0.467210498,0.008278577,0.955281751,0.322070616,0.813938319,0.399124225,0.126560848,1
0.572408558,0.623621523,0.965282293,0.810269146,0.273438784,0.448928711,0.160146701,0.69390006,0.339408929,0.736577728,1
0.910169001,0.938521008,0.444204805,0.112432766,0.17406566,0.532274552,0.227654654,0.636147633,0.0306242,0.090390948,0
0.936503678,0.082805131,0.253080793,0.079423883,0.571722972,0.486268069,0.0720276,0.793814752,0.955635659,0.432413562,1
0.06643369,0.435641269,0.249963136,0.32185316,0.875070599,0.566482657,0.80461802,0.611616466,0.344719141,0.33127539,1
0.395274178,0.108748474,0.822852805,0.433385434,0.270377453,0.482680794,0.636388697,0.562199055,0.033059012,0.08092309,1
0.464577827,0.059339429,0.957926982,0.123332213,0.883167173,0.084601775,0.021847772,0.604613371,0.236128649,0.392935182,0
0.840070476,0.636533312,0.612676218,0.961028965,0.20171033,0.496875411,0.396776417,0.907228015,0.778771509,0.31147582,0
0.179359262,0.889479636,0.458076002,0.094501446,0.088335647,0.098751757,0.221097046,0.462557627,0.987050181,0.670890645,1
0.838859848,0.847515139,0.972897502,0.83734091,0.445963389,0.414881512,0.359868418,0.818120251,0.214026161,0.617232825,0
0.133815317,0.688611781,0.032777057,0.766211266,0.443440339,0.835761101,0.566088538,0.993274553,0.065752541,0.122894069,0
0.676635041,0.643502039,0.720003805,0.346744032,0.599318156,0.43662715,0.617952363,0.331560752,0.250396529,0.073715221,1
0.959024792,0.002578301,0.579308453,0.354581279,0.943876177,0.359462758,0.579967403,0.980007844,0.426951468,0.588095706,1
0.728322019,0.389533174,0.01136159,0.627371777,0.233708895,0.002154308,0.771673363,0.056989653,0.347689017,0.039320828,1
0.425248491,0.247738769,0.296718632,0.839370546,0.518409334,0.26819391,0.467032641,0.325519309,0.94969878,0.431478192,0
0.578476966,0.329495403,0.83498713,0.661562846,0.930896318,0.124010458,0.149246203,0.906684604,0.86284875,0.005909326,0
0.429337159,0.824620846,0.408264663,0.436009607,0.847367845,0.310973433,0.783915797,0.893699916,0.126027056,0.265727938,1
0.66764786,0.63423813,0.088091806,0.227164505,0.286054016,0.40161617,0.956000499,0.940369432,0.638483473,0.074488295,0
0.627483932,0.345431212,0.356116111,0.459425007,0.066915182,0.262813881,0.404088076,0.359024516,0.693434467,0.591535834,1
0.693308956,0.487507677,0.695375326,0.039460899,0.791998613,0.378749336,0.919140968,0.307330916,0.563884857,0.717955935,1
0.33188835,0.233929505,0.15568323,0.73496752,0.180394702,0.35894349,0.348345803,0.808342501,0.285244609,0.798908098,0
0.128490081,0.183853797,0.575212075,0.001120982,0.25566683,0.392248854,0.874851362,0.379991791,0.351142085,0.938679519,1
0.241743164,0.94406985,0.959534957,0.075761762,0.907100791,0.212621639,0.477774899,0.163717586,0.226323782,0.608462074,0
0.992183104,0.203092948,0.810705777,0.163613689,0.090067067,0.965836261,0.557337543,0.390040715,0.761625347,0.44421778,0
0.489027633,0.698499928,0.564381575,0.246168677,0.480431905,0.137135196,0.968144204,0.753833925,0.808524968,0.939793646,0
0.378196041,0.281225893,0.689698316,0.235685918,0.467986083,0.535986908,0.427030044,0.588167616,0.94765415,0.600411231,1
0.17197417,0.378808623,0.623533135,0.386565905,0.417433755,0.363425111,0.045237279,0.794635313,0.106033021,0.097963917,1
0.915270261,0.70652976,0.877098416,0.19085827,0.209884323,0.131650826,0.646695057,0.845151748,0.156387641,0.819603655,0
0.448639637,0.524865546,0.882961918,0.570481659,0.791080437,0.145682243,0.831483684,0.806687896,0.654696534,0.923290553,0
0.121036309,0.396023962,0.73335321,0.603913042,0.490090847,0.666091566,0.163505806,0.323136145,0.260916719,0.857079457,0
0.526572174,0.266360053,0.462782776,0.652029536,0.879872578,0.206808759,0.784289561,0.659751151,0.51959025,0.815412686,1
0.590977018,0.814930622,0.329308984,0.752932592,0.237521308,0.773305873,0.372868213,0.819662508,0.84351392,0.272661933,0
0.740571974,0.392355788,0.306784692,0.105707,0.707260326,0.332473643,0.507594084,0.151226322,0.874392007,0.501595374,0
0.096757818,0.157992138,0.084046096,0.668058137,0.553457858,0.99967461,0.774171258,0.80752861,0.532461085,0.977325567,1
0.682951996,0.684344856,0.27234273,0.311736102,0.073026128,0.126350994,0.358182462,0.540806117,0.597204068,0.866205919,1
0.344220099,0.391300586,0.935807137,0.418850202,0.206913069,0.09491488,0.989017332,0.312700894,0.701388189,0.437920831,1
0.687440801,0.013204087,0.333546477,0.597317546,0.885460924,0.066430513,0.480496237,0.524780842,0.245359103,0.150251636,0
0.499496494,0.540204879,0.745271344,0.375046747,0.962533487,0.91578464,0.053219057,0.13468085,0.401221269,0.058706878,0
0.295262568,0.057627954,0.842138422,0.605021497,0.946959421,0.856246089,0.783309111,0.119115603,0.626853581,0.451848778,0
0.071221102,0.034376646,0.053528796,0.831778419,0.229111104,0.705961037,0.25794177,0.714703391,0.458919418,0.307909093,0
0.877483742,0.304405138,0.318595561,0.793358421,0.724510012,0.956134639,0.596753235,0.984465999,0.142061364,0.330396627,0
0.281735757,0.464791243,0.91181771,0.623069526,0.640991034,0.381847023,0.494342452,0.89652298,0.658478078,0.249668184,0
0.148289432,0.0708365,0.863782225,0.110349722,0.727103309,0.602665891,0.862862826,0.193780259,0.970266984,0.805597293,0
0.165393936,0.702268554,0.883534696,0.154742775,0.992787255,0.336788529,0.068526452,0.202996101,0.583038834,0.650797051,1
0.667828399,0.914128288,0.341645224,0.043184052,0.899184997,0.489130558,0.786352642,0.806256766,0.900539178,0.728970106,1
0.29818471,0.256754705,0.652885927,0.862027911,0.602764743,0.266259893,0.838159393,0.433675478,0.606012041,0.015431858,0
0.233534437,0.284815162,0.762988997,0.374587418,0.79775095,0.022242426,0.279224088,0.972756139,0.026035363,0.776911424,1
0.785270495,0.955433703,0.616374388,0.848819445,0.009634123,0.348650106,0.521822435,0.696484019,0.558583181,0.853144496,0
0.354641342,0.882840572,0.640924777,0.08898184,0.500509347,0.789305819,0.841058262,0.421669436,0.355603065,0.218052442,1
0.305186916,0.240682909,0.419923538,0.815030033,0.84828749,0.766245351,0.734734915,0.196496849,0.321712155,0.343056232,1
0.063245158,0.980648338,0.968801406,0.370250647,0.526834999,0.181738475,0.171822763,0.868854977,0.41694187,0.018194506,1
0.202652185,0.736512298,0.770065206,0.217966014,0.841998768,0.038303089,0.473508195,0.365974105,0.947216357,0.59362139,1
0.283119239,0.497949825,0.061020155,0.014407749,0.4485471,0.586571235,0.318267559,0.064605277,0.10167828,0.714602759,0
0.27902947,0.639604024,0.216965994,0.078077789,0.005365584,0.309941437,0.091284878,0.456413157,0.650567987,0.592427224,1
0.591469845,0.552099671,0.490280097,0.460061998,0.468290663,0.015715785,0.883623775,0.341378732,0.870930006,0.265647596,1
0.70193244,0.034968265,0.679520254,0.445935207,0.60488874,0.35197934,0.449674279,0.258199445,0.14968372,0.543181687,1
0.84651968,0.77076627,0.142993669,0.627814523,0.912744233,0.873984412,0.454464074,0.860227402,0.936915885,0.162954523,1
0.155539052,0.168938387,0.966741958,0.724440166,0.526126342,0.00084482,0.996964952,0.074251664,0.428071719,0.90193258,1
0.443079468,0.016698215,0.540495754,0.943027277,0.343009282,0.31033448,0.502077296,0.986617436,0.31999308,0.229789889,0
0.404178079,0.673796493,0.539843178,0.040879991,0.259474061,0.127893329,0.585842443,0.273670752,0.799375474,0.873616829,1
0.403777022,0.839936118,0.542851222,0.670703678,0.05623627,0.15891785,0.237436227,0.35327214,0.099896337,0.837593078,1
0.452596385,0.339404492,0.565508391,0.251208054,0.352680278,0.555203865,0.180712404,0.841587636,0.081998329,0.234121579,0
0.257377671,0.974149514,0.3231729,0.998212842,0.041003787,0.762051215,0.908238074,0.333534616,0.805966504,0.975064699,1
0.848122639,0.410199033,0.400230756,0.752719975,0.332438685,0.819445316,0.614934904,0.971099526,0.036486091,0.606409482,1
0.573478004,0.340792772,0.417177899,0.909641126,0.48603962,0.372180773,0.861552774,0.417880935,0.783033379,0.07137076,0
0.548548165,0.380346299,0.923464458,0.612750839,0.335288436,0.064410505,0.586593675,0.417351646,0.658414347,0.302625899,1
0.763066352,0.189629068,0.931019297,0.879927026,0.985598778,0.315870255,0.875294117,0.362310135,0.695675907,0.832319797,0
0.473280335,0.701126989,0.554032749,0.799691574,0.847284465,0.391656599,0.093722464,0.222528441,0.966933623,0.537614087,0
0.074500035,0.154774024,0.530356591,0.962027834,0.651254543,0.900904863,0.415128766,0.158106733,0.301885611,0.723702322,0
0.093052192,0.886479158,0.23072807,0.011997857,0.893100679,0.497478492,0.232961913,0.504885145,0.165521928,0.481903208,0
0.195003821,0.090329765,0.878279276,0.912360109,0.526697784,0.184252228,0.919630844,0.33426419,0.107259058,0.494951778,0
0.683330263,0.622587449,0.694041208,0.190625446,0.518727724,0.076217076,0.418169216,0.688220799,0.320153393,0.673583706,1
0.210681545,0.870987638,0.0802833,0.266031071,0.059131064,0.893513834,0.065862396,0.633422493,0.91277003,0.23548823,1
0.218386692,0.18126328,0.832857371,0.593982937,0.19601844,0.645779972,0.840954034,0.04727777,0.463055939,0.613615668,1
0.917449934,0.726024764,0.603620396,0.958813831,0.416775166,0.796079669,0.839225569,0.819177467,0.054043795,0.641812369,1
0.283184864,0.197865907,0.799257155,0.73093545,0.840642094,0.775661751,0.95558049,0.090121811,0.27727888,0.539423939,0
0.590155839,0.184619729,0.07293546,0.757073604,0.538366584,0.729480076,0.000226363,0.269625782,0.825896505,0.634370735,0
0.233335437,0.650669885,0.626331893,0.228246597,0.182958908,0.758398073,0.951951582,0.921807858,0.268126472,0.674520648,0
0.641101766,0.92264356,0.417851693,0.016782461,0.012559815,0.799668504,0.293427263,0.8607576,0.717134165,0.997618664,0
0.929681182,0.24053419,0.877494896,0.126135635,0.57318921,0.216953732,0.90727256,0.27479185,0.647712258,0.494918966,1
0.778619954,0.411395352,0.391902583,0.150849143,0.922185657,0.879629832,0.625434501,0.308996889,0.582612895,0.589701482,0
0.315494896,0.030033635,0.665996873,0.463145805,0.922927028,0.792022101,0.17212801,0.389090303,0.317286869,0.57310497,0
0.376557252,0.512313602,0.492537506,0.963202106,0.305209592,0.399440939,0.386429196,0.597085758,0.250501228,0.796800279,0
0.119887559,0.034857707,0.362031929,0.870956877,0.10988691,0.302670348,0.589464825,0.457857029,0.292712202,0.876139356,1
0.1643021,0.113957157,0.316409294,0.925718495,0.783164308,0.237175725,0.209425779,0.546586566,0.665425312,0.499914814,0
0.885977947,0.217073454,0.910771898,0.17281498,0.753339179,0.093458572,0.127422919,0.114575549,0.512358531,0.405631187,1
0.793849227,0.80865289,0.737829724,0.476845707,0.587345776,0.875004879,0.44948839,0.842598247,0.234859028,0.437492014,0
0.937552594,0.803713353,0.405895082,0.427167463,0.726879257,0.706850359,0.916073319,0.527360315,0.501798099,0.697396832,0
0.344499278,0.924154112,0.863516748,0.314371959,0.152300869,0.791057574,0.042969492,0.146520595,0.939983322,0.2278534,1
0.410450565,0.183542361,0.34169786,0.284145299,0.247970659,0.466343687,0.489998923,0.168762996,0.883989377,0.774199096,0
0.541495354,0.634859491,0.153385135,0.860630442,0.590831786,0.997559125,0.120184763,0.328036425,0.302167007,0.714049865,0
0.634952367,0.545877447,0.615768817,0.32859367,0.642066793,0.218465995,0.013647515,0.220976057,0.496842422,0.856006436,1
0.256702774,0.999289478,0.675099892,0.585789388,0.63920426,0.472752919,0.070672082,0.295070684,0.495495762,0.369314142,0
0.474648553,0.020843098,0.670103466,0.0824435,0.23743228,0.37187183,0.378469638,0.695951722,0.138917811,0.098511334,0
0.409078329,0.907073425,0.579240109,0.127462923,0.070099166,0.234048106,0.398696422,0.764062507,0.285000747,0.133477998,1
0.257333945,0.509034203,0.375264758,0.865237751,0.781160962,0.889637308,0.090915769,0.171145654,0.034109739,0.628696271,0
0.612485792,0.956755987,0.921844905,0.268799146,0.948590394,0.672720775,0.383303796,0.044303686,0.703077359,0.541018217,0
0.371760211,0.553480385,0.218557564,0.620255981,0.112115872,0.02916776,0.13084443,0.370674241,0.429486241,0.666657174,0
0.43249012,0.461623843,0.45187554,0.328873339,0.945230056,0.00724293,0.541368099,0.035978994,0.583793333,0.496208538,1
0.437007067,0.245643488,0.192835652,0.585402418,0.671168106,0.029271795,0.602647001,0.096320284,0.097973659,0.201622531,0
0.679557688,0.977071518,0.374493227,0.15378034,0.443455234,0.253074043,0.92983005,0.124838998,0.847143335,0.025126677,1
0.082219164,0.096592856,0.129287383,0.593491904,0.535963395,0.531892626,0.759272949,0.020830369,0.544043377,0.706623994,0
0.185723237,0.617456578,0.825876823,0.683874265,0.709863937,0.661769404,0.807613467,0.055473796,0.213279141,0.450109105,1
0.0437618,0.128374846,0.129602826,0.093950659,0.814719266,0.229122195,0.470292788,0.541044137,0.066050721,0.347815628,0
0.777559408,0.594499868,0.188031846,0.836381983,0.618706088,0.2905818,0.475682669,0.285280075,0.264889107,0.81359013,0
0.797284711,0.069518499,0.777938874,0.716174745,0.103550694,0.545046253,0.770447631,0.383262605,0.94074548,0.176452473,1
0.351575056,0.390870762,0.798448213,0.437121274,0.734186732,0.305419815,0.044846334,0.187310679,0.579208612,0.688115257,0
0.388194677,0.409351333,0.040629156,0.899698513,0.592269722,0.055176479,0.611643373,0.691587359,0.756773549,0.781783099,1
0.99826424,0.821166856,0.615563442,0.339385356,0.161959052,0.895567848,0.726725177,0.329629339,0.251444392,0.961233795,1
0.788186318,0.658788357,0.962104565,0.451067701,0.453684875,0.613737155,0.396040156,0.939165504,0.172990045,0.719495051,1
0.264631539,0.715573986,0.027694035,0.276307365,0.315892471,0.252194602,0.126641503,0.326700159,0.975847655,0.298495819,0
0.348492161,0.152298629,0.577719955,0.987449779,0.137528071,0.953444707,0.640348174,0.604460484,0.616674723,0.123415254,0
0.790755664,0.976379551,0.485758871,0.40747777,0.642968327,0.720927643,0.307257584,0.316112435,0.030162951,0.910308781,0
0.491512241,0.76753904,0.182726178,0.593300769,0.369998012,0.77757739,0.241419535,0.834494585,0.369918025,0.60724833,1
0.200490954,0.231440053,0.250123213,0.22188971,0.844397913,0.840934299,0.366883469,0.112131465,0.945840754,0.998045764,0
0.098309876,0.469145957,0.35288395,0.069298247,0.414848855,0.329526289,0.748184727,0.727703713,0.254312666,0.775332709,1
0.240567696,0.813149559,0.207624998,0.308079416,0.379464506,0.598954338,0.127241501,0.52909534,0.488570157,0.685106112,0
0.763397149,0.337308735,0.18476195,0.517798559,0.168114277,0.533213938,0.910680158,0.18641299,0.060168777,0.31451665,0
0.607639006,0.701279686,0.386009678,0.890676466,0.166882987,0.396242666,0.40538036,0.303548111,0.757940674,0.103233395,1
0.009763748,0.869113455,0.730056702,0.159792161,0.135228439,0.956653562,0.457617893,0.146246705,0.287571432,0.211569478,1
0.047378216,0.884572093,0.525459133,0.885869377,0.632648437,0.257883183,0.267734371,0.410471078,0.77267478,0.423725957,1
0.250494444,0.071093546,0.104443041,0.340643968,0.984419328,0.772444487,0.481964253,0.691538761,0.708162335,0.998729481,1
0.197748045,0.005892185,0.758085511,0.64264123,0.699001422,0.826804183,0.72020304,0.934033722,0.75071919,0.625443656,1
0.976636334,0.295249528,0.529943118,0.435976599,0.832600062,0.770647392,0.595036947,0.199452273,0.025961841,0.835029653,0
0.802044373,0.578176246,0.287509442,0.715787228,0.313138493,0.343961447,0.407348634,0.980017632,0.085951525,0.115433181,0
0.338945391,0.856988013,0.266168765,0.882865667,0.151831476,0.31237949,0.28678581,0.517706603,0.360487738,0.649159986,0
0.172322897,0.711417469,0.945207409,0.28342595,0.475238043,0.859493372,0.254111654,0.528116606,0.315110416,0.603001137,0
0.927095911,0.95291003,0.889544948,0.865437585,0.245113631,0.907728807,0.46402795,0.271045158,0.053084389,0.718010795,1
0.900494168,0.172718021,0.179331101,0.48648346,0.04813072,0.854304364,0.330251185,0.637416253,0.6094744,0.054010554,0
0.391113214,0.497637449,0.176769736,0.895386288,0.841566843,0.299216989,0.694972663,0.00951116,0.450269072,0.07498853,1
0.484293238,0.211536307,0.268910667,0.513796753,0.844278061,0.320279776,0.967470533,0.717343308,0.865139578,0.771823218,1
0.936113939,0.02931895,0.548046772,0.556205436,0.358528753,0.385254975,0.432778107,0.000141095,0.955579792,0.369290879,1
0.813290272,0.991916332,0.995291319,0.057316126,0.984722489,0.183490714,0.226131228,0.418000868,0.315222757,0.851436056,0
0.152264283,0.828418277,0.1361318,0.793076291,0.812531882,0.14451472,0.087139845,0.482186031,0.442347291,0.333828669,1
0.271704328,0.064754349,0.365514818,0.880856601,0.841948068,0.472431275,0.503020832,0.973807326,0.795449203,0.392791105,0
0.118817558,0.800647759,0.537403688,0.209692602,0.747235715,0.356122951,0.941714049,0.520870864,0.280395013,0.569616541,1
0.822819231,0.847712938,0.417942943,0.239723393,0.061266896,0.548132008,0.745813269,0.956736169,0.870990537,0.147980471,0
0.743809298,0.02077422,0.101592391,0.073530285,0.265467311,0.118441348,0.301305989,0.79109777,0.228847816,0.468688825,1
0.480595225,0.43243719,0.181762465,0.111906848,0.329271718,0.916202528,0.833485498,0.131546891,0.537761874,0.740550938,1
0.461956969,0.74641079,0.150264664,0.065019577,0.194408202,0.289123102,0.769139402,0.875864093,0.065678384,0.905471435,1
0.630131248,0.426924818,0.079247393,0.87963511,0.029282292,0.280012189,0.793898908,0.361027633,0.803986614,0.03483334,1
0.470650714,0.999667772,0.60977125,0.638130277,0.95494133,0.944611217,0.825282115,0.474701726,0.491410623,0.693594554,1
0.7566701,0.393590173,0.253834714,0.340898337,0.40480013,0.506753772,0.098750625,0.902425159,0.115687647,0.691400802,1
0.177050377,0.959770161,0.396676295,0.839065609,0.193907392,0.070713166,0.748192792,0.783904646,0.363927319,0.75513477,1
0.439047261,0.983017795,0.72510474,0.687319983,0.318914532,0.249034326,0.061464051,0.086380707,0.068665959,0.454719711,0
0.75603191,0.649283305,0.712920773,0.811822208,0.503468513,0.561778234,0.951130344,0.859588609,0.941024068,0.315570439,1
0.354731177,0.309855451,0.058677568,0.96514331,0.279485023,0.883912957,0.273373191,0.903915932,0.052320318,0.684637274,0
0.052939241,0.363430438,0.839854277,0.930563337,0.51532268,0.35753965,0.165305824,0.554644432,0.155133533,0.338250099,1
0.990182704,0.238461416,0.582343361,0.236525389,0.995111169,0.926128707,0.550498616,0.962138053,0.448968819,0.814986113,0
0.819706269,0.601511275,0.522500406,0.139616507,0.164085772,0.783369047,0.718826279,0.860429539,0.372376863,0.92820801,1
0.765454085,0.081244167,0.633510636,0.579109081,0.200105989,0.77104205,0.976484952,0.497237001,0.667372021,0.844467882,1
0.536942004,0.734005499,0.728756681,0.418092436,0.640062245,0.154575862,0.717436972,0.673760201,0.855839999,0.382478858,0
0.078135951,0.109795523,0.10046066,0.123497602,0.374073273,0.928454454,0.200050203,0.250581638,0.690273872,0.121640694,1
0.741210053,0.830954308,0.130457429,0.926360234,0.613768088,0.122854859,0.243696446,0.212082272,0.618336662,0.371778799,1
0.554166227,0.554178923,0.559435351,0.680891168,0.96557774,0.153091674,0.983001608,0.697768484,0.856376234,0.673345135,1
0.884653032,0.381142583,0.893635102,0.071457847,0.054873471,0.980322413,0.182908224,0.787570726,0.657303325,0.210637828,0
0.629148965,0.762986027,0.09631345,0.68122401,0.006224864,0.422904903,0.372001972,0.948278193,0.866022535,0.302327222,1
0.014417315,0.252959582,0.225230668,0.03841338,0.590221013,0.711503473,0.496904907,0.086822528,0.72768418,0.287085715,0
0.943829389,0.956852951,0.989626563,0.180315348,0.139683245,0.623608955,0.143377279,0.438233618,0.361084451,0.450100054,1
0.081574729,0.407098702,0.851440045,0.063935831,0.902515946,0.371258392,0.666942156,0.055664929,0.895753926,0.588085196,1
0.923952199,0.927229145,0.152732688,0.427530094,0.945469738,0.970370784,0.867730914,0.367498758,0.604388222,0.685200734,1
0.023847403,0.726547633,0.646725777,0.003624439,0.201939367,0.44005605,0.441618541,0.728650886,0.845513375,0.967263322,0
0.265312998,0.171150536,0.999911986,0.897446938,0.809958059,0.198596834,0.123250699,0.412997141,0.759033967,0.793143901,1
0.336455822,0.774664651,0.998033548,0.075284251,0.50874705,0.086868384,0.915186727,0.207728027,0.214139096,0.620095663,1
0.132605224,0.239935395,0.629131668,0.464716684,0.54162386,0.626827479,0.355988933,0.711574969,0.718244135,0.703900125,1
0.764280036,0.378298107,0.555920468,0.833914616,0.109590543,0.327111767,0.586229571,0.872943976,0.377456604,0.692763506,0
0.47261122,0.327660266,0.400338323,0.421889167,0.880312948,0.534936237,0.72819292,0.543379895,0.875876058,0.288918814,1
0.908682106,0.595957149,0.713792701,0.860302011,0.325977201,0.189740342,0.209945864,0.004072288,0.929907327,0.310521903,1
0.272357409,0.909724946,0.668473314,0.440209677,0.512328228,0.377145157,0.585377323,0.59601524,0.296238171,0.526737455,1
0.577678929,0.369527499,0.70489271,0.069891729,0.651684196,0.374065144,0.31805758,0.64929115,0.517057888,0.443560454,1
0.997239877,0.130969113,0.875944936,0.070261773,0.746513991,0.233053557,0.386541427,0.974694251,0.010446651,0.946317111,0
0.282337822,0.98950858,0.999176962,0.33671939,0.757583565,0.76691373,0.290169034,0.26087371,0.460162497,0.107955975,1
0.368502779,0.960944711,0.198910357,0.386076793,0.048821846,0.866665907,0.1791866,0.928765725,0.433842317,0.081903394,1
0.235667691,0.996548278,0.735821001,0.383876157,0.344123689,0.479413772,0.98284022,0.58582007,0.972651228,0.815512107,0
0.259214458,0.130361561,0.307243525,0.774640188,0.868401269,0.661669498,0.475158659,0.190311858,0.647835367,0.685968519,1
0.169318589,0.981613853,0.038512541,0.11020343,0.559409972,0.57736658,0.000394835,0.59201413,0.871757223,0.93040386,0
0.755751495,0.387209866,0.064461192,0.205621928,0.501313491,0.517423488,0.617560416,0.126166962,0.57286378,0.372934169,0
0.761696966,0.890681777,0.816971045,0.925046221,0.330402133,0.369527856,0.338716414,0.436405347,0.851112785,0.039233004,0
0.03290038,0.37586396,0.02898952,0.533887438,0.544357855,0.710569466,0.447003349,0.914761542,0.335253327,0.906573133,0
0.498705952,0.300256532,0.348402696,0.927705227,0.097566105,0.762086535,0.424912778,0.80222421,0.9487899,0.893307964,1
0.039623889,0.657770196,0.203856278,0.574344731,0.079185694,0.639651095,0.040266878,0.30072495,0.493925377,0.905100209,1
0.897389065,0.142593681,0.607454531,0.227222072,0.315778611,0.625736263,0.655451906,0.319633841,0.714721593,0.069810059,1
0.171872125,0.276583487,0.404340732,0.480719081,0.515639744,0.137962891,0.780099243,0.082188876,0.262793123,0.739929598,0
0.524265712,0.910538309,0.521185604,0.268935373,0.463495929,0.65283314,0.209723295,0.622521946,0.641635537,0.643399944,0
0.55143079,0.223423184,0.945653485,0.438926888,0.564858667,0.821302773,0.697793709,0.296561759,0.234680606,0.235485127,0
0.589034971,0.983366127,0.714502307,0.70920242,0.560899261,0.306811519,0.097084962,0.350066315,0.075074931,0.024057005,1
0.186074407,0.874541516,0.53340566,0.33287728,0.344099822,0.825975482,0.666102118,0.143998743,0.669558592,0.328035774,1
0.380523663,0.447088003,0.843587456,0.792976218,0.648005127,0.93674661,0.240583718,0.153757898,0.709873845,0.293935571,0
0.281293408,0.082878644,0.199441848,0.434883965,0.998676878,0.562801741,0.720310501,0.38549952,0.139353097,0.297997824,0
0.260498395,0.350244434,0.910477457,0.771699413,0.876400275,0.747520383,0.41631876,0.139418996,0.232555102,0.188107807,1
0.120474749,0.349213955,0.67616301,0.373991669,0.771348934,0.940430128,0.556692941,0.800981396,0.736939339,0.544579245,0
0.244097548,0.526486735,0.936860322,0.764293569,0.977290772,0.677922334,0.470488394,0.783491477,0.580759383,0.316131872,0
0.735222383,0.121019112,0.763100937,0.090584472,0.547137803,0.118786946,0.652005506,0.804282788,0.821323245,0.319080824,1
0.98681211,0.145662123,0.503331395,0.44927862,0.438376505,0.529361217,0.591481508,0.772409002,0.874632387,0.212937671,0
0.389514713,0.370898955,0.988373068,0.249606199,0.845373364,0.75515147,0.125885368,0.372594214,0.079033126,0.185130513,0
0.013335837,0.808948364,0.800665769,0.867307681,0.067350745,0.452917151,0.953939731,0.120990481,0.379163075,0.527587166,1
0.483445042,0.782466467,0.990105797,0.082550137,0.29601027,0.528017359,0.135516755,0.884574685,0.387770343,0.907815071,0
0.339747251,0.795569312,0.208117247,0.844878175,0.297924514,0.950447692,0.388085121,0.695627337,0.45100871,0.837387428,0
0.095622944,0.592449216,0.671268488,0.580001904,0.752572222,0.383966198,0.479948902,0.911681677,0.937722593,0.681167995,0
0.994754531,0.065215133,0.374767271,0.305897386,0.988083307,0.279890874,0.178592255,0.68525226,0.559965378,0.818543496,0
0.487357206,0.728019666,0.406457373,0.225399652,0.999202248,0.55688751,0.911223352,0.161841179,0.006893658,0.700893341,0
0.523538021,0.649108283,0.473712282,0.299873066,0.27018424,0.550196143,0.413891364,0.732199945,0.170856282,0.510468071,0
0.906359173,0.260850133,0.446899835,0.54032838,0.344314727,0.451393024,0.576627736,0.787269173,0.91220983,0.177087326,1
0.182128205,0.485253558,0.964547795,0.139299227,0.075971239,0.114522709,0.411879871,0.043352497,0.399274407,0.749116136,0
0.482314772,0.489246464,0.483744657,0.760257332,0.813506115,0.018989912,0.254167529,0.977292712,0.060844869,0.080603512,0
0.883262781,0.974023642,0.034030619,0.422206522,0.102600567,0.408440366,0.227266701,0.539840556,0.264769723,0.928761059,0
0.431240768,0.226847108,0.512857625,0.211456173,0.602563514,0.535212095,0.942956058,0.459784688,0.331903606,0.239469632,1
0.466712971,0.64390649,0.939892285,0.375983971,0.474367608,0.204585263,0.441291339,0.929003981,0.721047984,0.260012676,0
0.602011392,0.631709446,0.697511588,0.4276149,0.960109069,0.409673562,0.590711023,0.979658983,0.083023398,0.281967956,0
0.709993213,0.275442014,0.847998343,0.008618594,0.018973354,0.515988279,0.089513788,0.802709007,0.192667031,0.258872642,1
0.322235182,0.357494102,0.21286231,0.008709838,0.867652367,0.030089009,0.592281604,0.720093625,0.778336303,0.402379166,0
0.917534986,0.939600247,0.269033264,0.773836071,0.515003346,0.500151431,0.557503029,0.181894819,0.340818838,0.434144568,1
0.441139084,0.066772089,0.23602713,0.069839419,0.011993389,0.741107334,0.077663894,0.172095412,0.122620068,0.416138574,0
0.283204266,0.130116715,0.134962357,0.752290905,0.682447877,0.519591753,0.907597555,0.92781161,0.161853305,0.955008462,1
0.88466065,0.186638613,0.410899148,0.358856535,0.649575391,0.335128616,0.319914237,0.194968385,0.827024935,0.544381594,1
0.652725057,0.879376683,0.565300251,0.917040484,0.633208187,0.112891419,0.788724711,0.868066317,0.47351518,0.714994758,1
0.064733629,0.232084355,0.533978517,0.45577407,0.178350178,0.52273421,0.138018603,0.393172068,0.284208764,0.419316347,0
0.587904836,0.583293557,0.997521639,0.222419605,0.560521127,0.938712956,0.300311742,0.026950484,0.960909973,0.161152942,0
0.143475061,0.810012871,0.71450078,0.537049323,0.596574108,0.731632588,0.287288543,0.743794862,0.471630285,0.044685678,1
0.866221154,0.747231366,0.974600891,0.159352118,0.364471223,0.679857354,0.446620861,0.200996818,0.810007316,0.01504885,1
0.219819573,0.252012388,0.144331984,0.769123348,0.570865558,0.602011783,0.514313657,0.490809826,0.550613161,0.611534236,0
0.70706587,0.062713171,0.974263234,0.881465994,0.827224883,0.707068392,0.441706903,0.158559619,0.792201203,0.321125231,0
0.671035595,0.305224343,0.243519981,0.06981511,0.525628422,0.424339413,0.450616287,0.407225692,0.45101567,0.879841989,0
0.938478744,0.01739676,0.775324669,0.946618919,0.182970584,0.654679334,0.246481308,0.441854561,0.330360161,0.968279312,0
0.981394878,0.367591051,0.050863343,0.337066065,0.330362499,0.633694075,0.537822782,0.116913585,0.631221618,0.859320522,1
0.738867012,0.150265876,0.645523077,0.332282812,0.56061011,0.733780939,0.77539593,0.414847339,0.875139387,0.588164082,1
0.590264923,0.834493479,0.801205127,0.020857005,0.020019392,0.3510663,0.562330489,0.046635434,0.167556149,0.310904585,0
0.184100682,0.97476653,0.704336115,0.71370404,0.422251338,0.570417134,0.40190505,0.680302559,0.539958492,0.588487617,0
0.171283474,0.936032885,0.912548879,0.30214598,0.067057733,0.933806697,0.062459359,0.100014612,0.871081034,0.25659838,1
0.548312359,0.264171038,0.47909519,0.882581468,0.450100371,0.423175263,0.022732293,0.846851005,0.010746579,0.808392528,1
0.701198485,0.018920435,0.351629996,0.325651273,0.764524436,0.45933075,0.204816318,0.40718361,0.504495593,0.770936575,1
0.388213217,0.842398005,0.205951988,0.802897255,0.958361824,0.365301427,0.593870363,0.148811499,0.277097844,0.282596946,0
0.48913033,0.051815946,0.194083029,0.28968678,0.019873263,0.329731223,0.870977542,0.075433766,0.313659198,0.302690951,0
0.254625893,0.834980717,0.485822438,0.999138231,0.588708836,0.393393071,0.95767972,0.875392622,0.333244875,0.310262777,1
0.603625508,0.305578468,0.411927808,0.510743012,0.652242243,0.641151275,0.678120905,0.545397495,0.173966289,0.890174191,0
0.234593627,0.471156632,0.563184081,0.956863667,0.105927298,0.486711987,0.924096176,0.785742446,0.936268047,0.208315026,0
0.033738928,0.637127064,0.227021828,0.222058634,0.581601964,0.940344363,0.386549289,0.552344487,0.700820899,0.737993982,1
0.569723486,0.836859755,0.143956888,0.039068231,0.836689242,0.584436406,0.574437691,0.639075285,0.218142429,0.473240411,1
0.53969096,0.653739002,0.11263791,0.862379168,0.342181546,0.033468968,0.700627197,0.588242454,0.784865998,0.308069467,0
0.305900727,0.980139132,0.23301954,0.846777109,0.690383668,0.001361444,0.947681531,0.529944187,0.228588239,0.858784582,0
0.255308869,0.856216263,0.178044159,0.421037818,0.227283595,0.483405142,0.724796752,0.3192499,0.416568897,0.014978366,0
0.948687079,0.968353299,0.468355882,0.192026614,0.00090151,0.426150933,0.64049524,0.76301944,0.522751458,0.982073825,1
0.387206698,0.311322854,0.457641145,0.021282882,0.451671197,0.165216609,0.699589817,0.622799179,0.166670601,0.54943399,0
0.196483224,0.863933956,0.147456734,0.887994584,0.986646016,0.562461462,0.723904792,0.9100866,0.143453833,0.602832554,1
0.14028242,0.76703133,0.068016891,0.506568511,0.059472547,0.661950083,0.772006472,0.228270773,0.375618235,0.336150095,0
0.20108298,0.978913639,0.163987601,0.594966209,0.03818888,0.893966239,0.094478721,0.50674133,0.155476534,0.970689842,1
0.779273856,0.498132734,0.496850293,0.838877058,0.337107915,0.041907162,0.227205562,0.517667361,0.768771419,0.420835061,1
0.152881532,0.22056775,0.533022215,0.791205076,0.435881755,0.891141502,0.575637767,0.932692358,0.823241263,0.261906599,1
0.608473033,0.482453022,0.542316088,0.780623107,0.542475341,0.21049651,0.457478283,0.634081983,0.842324832,0.519296829,0
0.898942847,0.397105641,0.314584899,0.286188172,0.212276701,0.083257735,0.141128198,0.116954997,0.821933355,0.760691611,0
0.300216894,0.081022296,0.027392821,0.852313464,0.857623843,0.321608689,0.193680181,0.751732196,0.275467198,0.405642787,0
0.366937639,0.729044303,0.448680816,0.655924567,0.151942763,0.793601543,0.046916342,0.846222728,0.424993857,0.077698362,1
0.459019902,0.993055253,0.878822045,0.426315961,0.478177273,0.449590634,0.838073013,0.005939644,0.188127702,0.445692215,1
0.842106205,0.592484747,0.247189274,0.484960077,0.75693714,0.620733257,0.133614796,0.375352134,0.963213438,0.397582507,1
0.108125773,0.39050112,0.596855781,0.012239567,0.120743772,0.308513973,0.797345398,0.972126244,0.954987599,0.883620456,1
0.957432999,0.122592658,0.198963287,0.43559205,0.792603643,0.159579251,0.548079026,0.084834255,0.658680546,0.6164917,0
0.042539557,0.819250199,0.669404077,0.531959449,0.283242713,0.854526318,0.692047798,0.40015105,0.181602806,0.735590024,1
0.905381288,0.597250772,0.389541269,0.741206138,0.804091881,0.015386522,0.850076028,0.072675765,0.979516974,0.034208903,1
0.019911699,0.970836995,0.423803006,0.0213505,0.835221908,0.337007447,0.792072865,0.312154661,0.914063463,0.918513622,1
0.064363179,0.431748599,0.292891858,0.807353416,0.113293928,0.502264952,0.568169002,0.462664721,0.905834635,0.164019763,0
0.987625011,0.984235073,0.456358382,0.279943157,0.617868417,0.790978029,0.217061105,0.968087861,0.163078232,0.232939597,0
0.880063103,0.627166067,0.875439358,0.399069595,0.957030469,0.485584219,0.755864589,0.544353354,0.204532573,0.75114188,1
0.235301154,0.833351776,0.939401012,0.41439695,0.369664026,0.353022358,0.631651663,0.699278923,0.592006132,0.239420938,1
0.66247626,0.948234604,0.328183216,0.707507289,0.468355938,0.297752388,0.284814329,0.906460722,0.322975642,0.066842292,1
0.933755141,0.71969547,0.646610407,0.145211765,0.824042999,0.198363275,0.286239417,0.655758074,0.918200222,0.119042433,1
0.918119589,0.240327395,0.045372912,0.862586558,0.855750349,0.166786569,0.033478849,0.488115163,0.10164905,0.899955557,1
0.557698566,0.74170876,0.309678083,0.853071565,0.474342609,0.931952461,0.615694891,0.593423346,0.260111812,0.265748455,1
0.940830903,0.828137195,0.132472297,0.652771074,0.957235377,0.517153928,0.581012292,0.340644449,0.727607097,0.224297358,1
0.724236026,0.431298361,0.604951861,0.519117206,0.900622479,0.651097108,0.978253557,0.811550417,0.375931156,0.329459825,1
0.241913133,0.649169202,0.045967226,0.39118664,0.112833055,0.236880859,0.245320265,0.560184714,0.793486258,0.564250373,1
0.646162452,0.227227224,0.222136624,0.953455137,0.594571524,0.820395028,0.516027818,0.943894654,0.729804837,0.108165259,0
0.613213275,0.344182251,0.967524416,0.57202019,0.501402356,0.592908787,0.13127052,0.342837994,0.42081913,0.437575437,1
0.391092966,0.89208998,0.39841316,0.847531173,0.231849206,0.105611097,0.546123508,0.438665304,0.534354398,0.274155265,1
0.7300247,0.750857847,0.468009007,0.525619684,0.364511475,0.41154273,0.378363029,0.414718112,0.735454681,0.987474677,1
0.978687972,0.158056048,0.653437472,0.165526398,0.549845365,0.755124098,0.061796796,0.718414527,0.957791225,0.597783553,1
0.568012065,0.347322104,0.903982785,0.266274439,0.732127087,0.485970729,0.394294455,0.299675289,0.987140078,0.193056069,1
0.26615922,0.871271613,0.423788855,0.169858051,0.882484798,0.89896867,0.344522939,0.75605669,0.872790237,0.006664959,0
0.497667389,0.900719632,0.280275923,0.143410879,0.869864018,0.320793716,0.826845962,0.81417058,0.179415748,0.397536729,0
0.802736388,0.054658892,0.362922885,0.854579736,0.867647194,0.272519455,0.542076973,0.056135006,0.151659849,0.274661372,0
0.698732033,0.563248051,0.436897294,0.41243103,0.182204185,0.942296334,0.296235495,0.198913207,0.465504225,0.208349642,0
0.985285868,0.499208116,0.27983931,0.860865148,0.103609856,0.876009296,0.630146978,0.468917793,0.917385304,0.614219827,0
0.039916812,0.221127773,0.452647462,0.332874803,0.352922884,0.275027344,0.542860742,0.545639505,0.747931596,0.718634399,0
0.394656928,0.686752944,0.955507788,0.19549851,0.029225538,0.97234719,0.73610033,0.723513735,0.914963234,0.763963125,1
0.177809246,0.877734712,0.227333695,0.639326835,0.760138665,0.41278414,0.336090796,0.451667089,0.537157915,0.334114246,0
0.701436459,0.958253691,0.950485841,0.257260787,0.673628073,0.387285751,0.680020282,0.635367316,0.222566364,0.158585868,0
0.965327534,0.621026971,0.690320299,0.471662414,0.759363614,0.460470809,0.924678462,0.055265874,0.882947728,0.623179223,1
0.504081049,0.512708509,0.500754751,0.188166828,0.230067546,0.669801857,0.506818086,0.239872495,0.444128992,0.082093851,0
0.182607177,0.592403471,0.78360436,0.264761811,0.399163275,0.141115153,0.688513006,0.803317133,0.04526271,0.611591117,0
0.973822525,0.436687897,0.298144791,0.652520533,0.261388682,0.125302316,0.176215584,0.057663316,0.121296331,0.893352902,1
0.362541414,0.829788666,0.398587651,0.148907428,0.833455715,0.601068018,0.956054067,0.807876471,0.241551564,0.122245661,0
0.884446865,0.034059684,0.42994747,0.293324793,0.415863969,0.858311301,0.5677054,0.413731608,0.691964441,0.872061015,1
0.950911292,0.994048276,0.234279379,0.932220975,0.368733127,0.235166841,0.14125942,0.441043262,0.296543292,0.597664723,1
0.684046079,0.062914381,0.344917496,0.358775247,0.936701942,0.829500793,0.544976603,0.741986711,0.246978244,0.498712108,1
0.637739902,0.186798316,0.586566688,0.361243408,0.240625961,0.345277115,0.441929438,0.453584991,0.774012771,0.931633855,0
0.115332322,0.269824201,0.940552024,0.034466558,0.336159045,0.006772741,0.110608633,0.200170759,0.166861222,0.191695936,0
0.495964147,0.326366532,0.241449247,0.366347297,0.91439353,0.756928462,0.831529377,0.295009161,0.964865315,0.350309653,1
0.030114048,0.686360549,0.446960816,0.221847153,0.876247842,0.06352521,0.042968934,0.359640447,0.147274673,0.388492668,1
0.066504604,0.155803796,0.497159965,0.674062123,0.633620046,0.089658611,0.666795045,0.820932486,0.269589565,0.367716702,1
0.397695487,0.097137529,0.186936251,0.154723055,0.269881389,0.762191006,0.321746754,0.521160896,0.544397686,0.605479059,0
0.735784565,0.516909217,0.894383734,0.626008863,0.971935152,0.731902465,0.436570209,0.831467521,0.841737838,0.749809853,0
0.907518512,0.363189929,0.646535996,0.874269587,0.317163046,0.226274159,0.284591971,0.171524674,0.278976219,0.204678321,0
0.84871954,0.257014231,0.21957775,0.416715415,0.260220324,0.981426624,0.928413985,0.751284334,0.16520686,0.416241698,0
0.868074858,0.325421624,0.820297425,0.246019536,0.582221306,0.665102847,0.355249931,0.65321302,0.558355986,0.230001444,1
0.408803648,0.275537569,0.802537856,0.796296146,0.021209231,0.954353747,0.027240762,0.105822319,0.941191448,0.228086811,0
0.997560541,0.830216697,0.793649642,0.803928476,0.416527569,0.84768478,0.370779991,0.377362648,0.11608588,0.525614958,1
0.584655313,0.804097653,0.59444509,0.204393168,0.525596654,0.142845314,0.001149437,0.831579973,0.455391979,0.394320913,1
0.82398215,0.541315817,0.666206459,0.141528776,0.723934366,0.06479939,0.41684847,0.736488146,0.84665143,0.715623429,0
0.393168882,0.144453506,0.537051888,0.712224267,0.876346199,0.116845022,0.60874599,0.798829448,0.694109204,0.875768924,0
0.534962496,0.626462995,0.431814472,0.047143876,0.784637205,0.231670943,0.724686584,0.934472091,0.862085276,0.685389805,1
0.540491864,0.651307143,0.037730098,0.815671316,0.692088721,0.333353059,0.751964004,0.291666133,0.76799729,0.308488717,0
0.014057469,0.637845917,0.106217015,0.389301135,0.6111288,0.357248167,0.254911997,0.647739582,0.851897147,0.272818382,1
0.450091554,0.910610908,0.569126696,0.662689558,0.909946534,0.989278686,0.61040314,0.297357781,0.493152024,0.431357133,1
0.314875489,0.063292241,0.928958434,0.061546503,0.682396478,0.328313645,0.424926231,0.212436614,0.442429243,0.183145022,1
0.184832892,0.395111421,0.785759445,0.353252123,0.714933162,0.741786175,0.39972615,0.846218535,0.452191664,0.228910202,1
0.690293419,0.585578857,0.337042373,0.736411891,0.369709687,0.736288836,0.605435512,0.043200244,0.327719338,0.820797384,1
0.597501639,0.571960243,0.117594109,0.197241785,0.515332822,0.287815098,0.925677193,0.476546427,0.704275285,0.769406291,0
0.354064046,0.840664771,0.143583942,0.891303209,0.28458557,0.677033986,0.477336644,0.395456723,0.723178584,0.737304016,1
0.812110199,0.618345955,0.699333542,0.304359653,0.240904491,0.159853731,0.682979209,0.941085028,0.257793524,0.797432294,1
0.84919286,0.304757706,0.162482746,0.136158584,0.570121913,0.825930987,0.839340899,0.061189701,0.859329235,0.313454329,0
0.019572139,0.760824435,0.00471653,0.845030339,0.676660403,0.215380608,0.559963328,0.211522976,0.858283781,0.14588607,0
0.464338009,0.981865238,0.900166428,0.745555688,0.331790918,0.201615398,0.599843051,0.13147852,0.170337902,0.433083406,1
0.81976092,0.302042946,0.045897449,0.420528036,0.530709609,0.77786396,0.614258718,0.090830285,0.417710843,0.390896369,0
0.552903176,0.625283213,0.10957743,0.061954192,0.66248233,0.980943418,0.939651756,0.271655266,0.323450216,0.67784312,1
0.890947297,0.394280171,0.132921596,0.523358323,0.443376942,0.40282612,0.636495755,0.42711629,0.802868605,0.679462491,0
0.223215118,0.227898197,0.185425987,0.016622421,0.590760325,0.042923454,0.747940187,0.188519077,0.035429025,0.894091195,1
0.535658725,0.001162396,0.626988984,0.178862737,0.469694858,0.588510495,0.412979893,0.974490351,0.284478205,0.693022556,1
0.420125095,0.101437451,0.628828246,0.961559318,0.972807455,0.485192709,0.350945819,0.162727759,0.127736101,0.072147666,0
0.273178949,0.157018186,0.583468158,0.817973974,0.029957978,0.522530174,0.946479697,0.157647868,0.176311674,0.043571232,0
0.014766953,0.616129873,0.993434143,0.072335204,0.095278468,0.090596216,0.768454036,0.055986621,0.737395908,0.292007074,1
0.84224312,0.612734662,0.873539841,0.601172921,0.102724426,0.720402945,0.703747938,0.753274139,0.950931769,0.633437154,1
0.198707109,0.981257105,0.504609865,0.195618374,0.292737375,0.769403589,0.074687236,0.603265618,0.446401265,0.818083882,0
0.362659015,0.172855964,0.362328188,0.786541398,0.033219042,0.767215098,0.644368138,0.527859422,0.654533923,0.051592425,1
0.22695859,0.8729637,0.564813784,0.039657184,0.027017212,0.128940411,0.971882609,0.352595662,0.803490069,0.327272265,0
0.166548208,0.188793705,0.458220897,0.144066041,0.672494104,0.993797345,0.079457334,0.935263724,0.32817623,0.888308185,1
0.783288421,0.451535943,0.075253681,0.161601354,0.588700087,0.564709734,0.444097307,0.859700238,0.004649505,0.438201059,1
0.571318994,0.477327635,0.279946534,0.887862981,0.268262945,0.211281596,0.19528699,0.183495521,0.554872084,0.817440637,0
0.964038804,0.295475909,0.164005681,0.084574716,0.887222956,0.902314203,0.88941289,0.813890768,0.53089999,0.612273579,0
0.801192488,0.374841903,0.848110174,0.027464493,0.097346674,0.351797418,0.857967024,0.350328037,0.235362038,0.633275863,0
0.098839928,0.880238981,0.597555843,0.515730506,0.139167793,0.605127564,0.216317413,0.580184499,0.99934972,0.258912307,0
0.920365421,0.558429034,0.267183205,0.105529391,0.123834129,0.313904648,0.036207803,0.398897045,0.231939975,0.932057795,0
0.967600505,0.211067098,0.458183372,0.603376821,0.09806207,0.075652315,0.783881318,0.668983105,0.117678117,0.190567146,0
0.590603521,0.103884242,0.001454571,0.306478505,0.839726541,0.198726917,0.762788896,0.249044179,0.702398914,0.324636149,0
0.591736877,0.232154498,0.284304313,0.931316033,0.215119544,0.251708058,0.787759329,0.256122988,0.373583453,0.347917761,0
0.249606286,0.484764787,0.997727494,0.929244267,0.781842966,0.324568641,0.551202972,0.0838317,0.223106,0.467434116,0
0.801980575,0.984634909,0.890985003,0.759399769,0.850601634,0.780376111,0.58759641,0.81426284,0.003567404,0.781711366,0
0.114321474,0.256290751,0.209192376,0.937196895,0.761166619,0.705489158,0.679077729,0.153608663,0.264443464,0.077769535,1
0.369105154,0.600037322,0.954003353,0.097961983,0.496630261,0.211555162,0.180454918,0.102311056,0.597365959,0.476726447,1
0.02907575,0.622509908,0.13420134,0.996748398,0.780965283,0.18980972,0.764961635,0.527341747,0.569199882,0.077018813,0
0.894400408,0.059608839,0.283574109,0.391120938,0.5960554,0.472432942,0.564308683,0.84332445,0.328931659,0.920590838,0
0.340682284,0.212110281,0.088960465,0.512464642,0.736455667,0.009083419,0.427323579,0.063955363,0.867843048,0.521987778,1
0.712900544,0.641707947,0.380968913,0.948707526,0.156301848,0.902682243,0.586936148,0.384999593,0.281146441,0.940345327,1
0.695990166,0.544626172,0.421161537,0.283732842,0.85327292,0.883885498,0.535448177,0.809676432,0.96249475,0.925608662,0
0.513089033,0.577724934,0.786718224,0.800930461,0.362987396,0.056566283,0.694876469,0.202640428,0.839923814,0.796177812,0
0.5108448,0.126830573,0.213792631,0.120479983,0.045323575,0.011225875,0.066163717,0.183386812,0.952282996,0.298277979,0
0.158266954,0.758300082,0.216029666,0.967898656,0.478838475,0.528956474,0.104329294,0.38701712,0.299563315,0.631604022,0
0.559436779,0.323191191,0.670482421,0.479287224,0.414824999,0.815151594,0.090989113,0.692617695,0.488827982,0.41863158,1
0.998098504,0.750437397,0.989100949,0.101167545,0.132702463,0.9447922,0.989186514,0.098370024,0.782438205,0.213988616,0
0.330324638,0.583226917,0.293808045,0.498839329,0.779879371,0.928663498,0.636905375,0.558747323,0.783482851,0.77214017,0
0.476355127,0.737820666,0.656362053,0.679306473,0.751952897,0.091459441,0.164601492,0.249220186,0.904265521,0.160439644,1
0.89365104,0.201446598,0.16101731,0.012488634,0.829251109,0.34767702,0.33055235,0.857091858,0.294773515,0.961844768,1
0.032044916,0.172917432,0.949641106,0.230732516,0.917696139,0.211078384,0.68483996,0.063948022,0.272766347,0.159494919,1
0.857678067,0.933056376,0.912132705,0.833346306,0.07148886,0.759105381,0.266888783,0.153755404,0.459761369,0.450600639,0
0.144523224,0.642626093,0.8170032,0.512836644,0.100723962,0.035642811,0.86418223,0.759617476,0.272859845,0.916910989,0
0.593245243,0.965466446,0.715891376,0.462817833,0.343836218,0.597595594,0.914621163,0.232002481,0.106450326,0.553616107,0
0.036578477,0.115055433,0.787572071,0.243068792,0.797372381,0.714285462,0.178475884,0.708881509,0.291770052,0.936041002,0
0.666763934,0.752894476,0.023749622,0.051547383,0.133632648,0.232645265,0.884815851,0.444687544,0.512525233,0.987384864,0
0.276260685,0.368111484,0.193055435,0.544033037,0.448585178,0.388370839,0.556140225,0.714864928,0.302228057,0.65640758,0
0.433823307,0.208905466,0.40577251,0.526524046,0.57310506,0.414312575,0.393335207,0.53223001,0.320928711,0.739144786,0
0.605574788,0.311818911,0.535528634,0.635803353,0.081472198,0.274050526,0.882732751,0.006825868,0.817965995,0.173677279,1
0.252317352,0.595245509,0.162336933,0.40974806,0.814773834,0.673544533,0.494105729,0.122548106,0.606376301,0.083423595,1
0.426762649,0.23694097,0.334148799,0.31487596,0.777449326,0.556996131,0.000934102,0.233942439,0.004011928,0.763067273,1
0.93372755,0.95714187,0.263930798,0.174531805,0.60030762,0.948682724,0.692656325,0.032005864,0.910520112,0.830785375,0
0.874062991,0.691396527,0.431229128,0.905139557,0.503505313,0.188428607,0.058723574,0.737728156,0.86164653,0.813200312,1
0.615217621,0.632288592,0.294567879,0.055234188,0.532953218,0.913312897,0.787356531,0.563830527,0.413959338,0.894062786,1
0.352547213,0.880642533,0.31675302,0.122446688,0.244735568,0.719307629,0.78499744,0.725458396,0.732895997,0.147144973,1
0.845158948,0.621477124,0.071091542,0.774817147,0.139625495,0.909654555,0.360180115,0.86526533,0.370518449,0.867583399,0
0.345046259,0.388049788,0.522982666,0.912847777,0.083196909,0.252997316,0.173067619,0.596882027,0.017282172,0.677203575,1
0.272519299,0.641782104,0.475901345,0.157027536,0.978048242,0.3881851,0.430521245,0.313052681,0.064749503,0.880457231,1
0.05620859,0.035711755,0.847437711,0.755525305,0.921658946,0.631867915,0.099600884,0.607579823,0.352490422,0.022875737,0
0.04615335,0.250049801,0.999897358,0.458250922,0.38752272,0.897540916,0.995482237,0.276554215,0.418516984,0.557256031,0
0.1114818,0.766723805,0.509312834,0.46556301,0.534220923,0.055376854,0.363313226,0.202862977,0.525167384,0.03073046,0
0.06719916,0.505693607,0.721934576,0.563264381,0.737340826,0.631725201,0.343428608,0.686198926,0.916899164,0.079244188,1
0.505040623,0.778923859,0.897065456,0.814507133,0.487752413,0.950155395,0.523488479,0.668357506,0.330640559,0.728576024,0
0.813329393,0.280286335,0.095382859,0.829686489,0.291172696,0.469363563,0.887511286,0.816581633,0.374991733,0.886025408,0
0.521328485,0.341638503,0.942485957,0.99175484,0.379585024,0.02581394,0.243305941,0.714897499,0.825453171,0.235006825,0
0.348536654,0.30040607,0.885717049,0.364382996,0.266313142,0.107684382,0.826226004,0.300622731,0.198689624,0.498071472,1
0.784055432,0.100631973,0.416045562,0.567080242,0.321451356,0.50250205,0.339460692,0.455123139,0.19544995,0.045599436,0
0.994702817,0.263097148,0.964946519,0.226870803,0.495341111,0.828529735,0.819843775,0.844837186,0.877255712,0.238127895,0
0.038272319,0.890890324,0.376545653,0.292159964,0.508191303,0.170201239,0.672739535,0.765637459,0.416041881,0.920358162,0
0.673619699,0.679550193,0.202252207,0.547363071,0.521799931,0.774477968,0.367797922,0.047001975,0.295989451,0.255755919,1
0.177366235,0.6968335,0.901405965,0.999252608,0.980679197,0.120327978,0.50257827,0.104081123,0.819007231,0.919692115,1
0.693853116,0.636383434,0.298623414,0.162772678,0.683699217,0.778883025,0.558420238,0.606509893,0.600887896,0.540011527,1
0.894511794,0.467402554,0.882065456,0.767511241,0.022724042,0.801745699,0.81645226,0.260627612,0.96862639,0.929474836,0
0.875876988,0.227571454,0.095574209,0.68722696,0.815048976,0.295785554,0.986932526,0.200155612,0.048275029,0.315508216,0
0.362491157,0.597937666,0.697671866,0.207171569,0.454649113,0.597937662,0.620043577,0.088262262,0.19890575,0.586096234,1
0.633175837,0.477453476,0.998102505,0.274023392,0.774718174,0.73398515,0.084899409,0.881753519,0.287592463,0.989466658,0
0.273449196,0.386125648,0.829228785,0.581777264,0.866638639,0.950334781,0.236958859,0.024831488,0.212856499,0.243048675,1
0.592995791,0.414604755,0.46696934,0.757930146,0.882713169,0.599516636,0.346712578,0.300080648,0.684741803,0.624277832,1
0.974885,0.058638368,0.497482896,0.914232267,0.487819133,0.594295259,0.04678267,0.773789262,0.225851411,0.16266993,1
0.884424319,0.336039219,0.83562085,0.44817745,0.143978329,0.384352987,0.777996143,0.061454075,0.56270697,0.849025068,0
0.979759379,0.243496431,0.366261225,0.863726144,0.374563415,0.764045984,0.516747391,0.954126733,0.074075438,0.216657977,1
0.235299295,0.575191827,0.910988488,0.926887954,0.093214385,0.211647805,0.289552265,0.542349929,0.252991705,0.517596896,1
0.679860619,0.221168394,0.275654014,0.289614437,0.42931763,0.055424351,0.545509289,0.358023391,0.866023474,0.855793204,0
0.13859125,0.111966155,0.373859023,0.372687923,0.939985635,0.915539092,0.487322149,0.230665589,0.433879114,0.45286254,0
0.111293392,0.489027612,0.172959846,0.6643572,0.765737985,0.424721782,0.664746531,0.234908341,0.819357218,0.911967389,0
0.876680329,0.279805612,0.907806371,0.004195738,0.06389597,0.738889718,0.493548929,0.948607519,0.197776139,0.321550731,1
0.301067379,0.391236415,0.215545944,0.947549038,0.314885309,0.778296843,0.289065434,0.51655645,0.12967628,0.551668346,1
0.182300514,0.726332177,0.843159435,0.36872916,0.124926932,0.538506324,0.296836133,0.508403735,0.563112302,0.745096107,0
0.567480765,0.30649536,0.856443892,0.063591382,0.768092457,0.590413818,0.945238623,0.118743462,0.375211611,0.180018747,1
0.665320398,0.895522764,0.811195478,0.066414684,0.628143259,0.060288971,0.718428251,0.496146686,0.078789663,0.965343765,0
0.575365869,0.363295719,0.208314051,0.168700756,0.75434615,0.476687325,0.522903146,0.513012713,0.008865806,0.572980729,1
0.979026936,0.874660168,0.533215021,0.717801504,0.314781403,0.155611781,0.533464786,0.521405098,0.41592747,0.924388476,1
0.18009305,0.857117406,0.688168337,0.835683193,0.728016152,0.382398931,0.858166576,0.98326784,0.725203565,0.355284377,1
0.454710189,0.51587321,0.635942694,0.456330623,0.873144134,0.099121942,0.672272802,0.006473367,0.774366196,0.190090859,1
0.105180592,0.226468473,0.594941634,0.75351007,0.004237393,0.394164608,0.842301662,0.198652542,0.816940696,0.633130856,1
0.264677461,0.150255217,0.116455459,0.342854515,0.675119414,0.356739437,0.193372038,0.426373328,0.059733026,0.183071499,0
0.225962578,0.170579817,0.424568175,0.9330493,0.859942793,0.872586593,0.622222931,0.563985768,0.413038936,0.507179773,0
0.819732315,0.11908161,0.90517899,0.857412489,0.551304869,0.959398979,0.926282206,0.939658075,0.059007527,0.048340762,1
0.334341291,0.433501745,0.551195407,0.361305185,0.13659747,0.568266266,0.242855196,0.100614587,0.898451066,0.871789679,0
0.05447789,0.50641632,0.504734986,0.908416403,0.762530099,0.143437823,0.296112576,0.863213261,0.385904704,0.637976008,0
0.669192306,0.582927253,0.138847278,0.061507816,0.048850394,0.13384767,0.827402256,0.412361781,0.013947747,0.932811246,0
0.486629324,0.247452977,0.787949247,0.176852203,0.494906268,0.416164306,0.804813602,0.288352607,0.108348612,0.487279416,1
0.43369356,0.86044935,0.671620898,0.348891135,0.462256442,0.189903752,0.549979349,0.182807756,0.158318494,0.952699145,1
0.495078775,0.99081926,0.441129108,0.263825406,0.139536068,0.008833263,0.792202549,0.383908677,0.595886119,0.881094887,0
0.000661025,0.881575098,0.655179848,0.35136039,0.94037594,0.872973674,0.703337563,0.21140198,0.986750886,0.896327047,1
0.972241989,0.397731924,0.762070064,0.645817103,0.130955177,0.307159411,0.013465049,0.702486643,0.730083251,0.813452838,0
0.225929447,0.549739415,0.41951179,0.02043806,0.980176833,0.90300045,0.667611215,0.846129765,0.649411151,0.956769025,0
0.991323418,0.46963986,0.976764262,0.672318526,0.608980216,0.741202595,0.62281368,0.289685814,0.973355531,0.397972251,0
0.944371467,0.989936295,0.619395242,0.040785699,0.57789368,0.271837315,0.613894007,0.024724116,0.323063298,0.188690927,0
0.28597617,0.026819328,0.569534097,0.238268532,0.095593808,0.762828001,0.083610918,0.273284367,0.706313725,0.398000582,0
0.910348997,0.510445593,0.223202958,0.4925364,0.222642197,0.822345022,0.780053155,0.803194319,0.95579651,0.076025499,0
0.952806978,0.403057672,0.300346027,0.790223067,0.062109152,0.03484251,0.918953108,0.352497907,0.196649519,0.768237856,1
0.516677629,0.04771061,0.574146059,0.121647243,0.548825104,0.780487271,0.730746434,0.629403702,0.331915571,0.954558973,0
0.16146155,0.904055323,0.913209736,0.878033707,0.449855062,0.274618159,0.747112682,0.579923748,0.408957788,0.701820101,1
0.924631919,0.418790974,0.565403866,0.786091443,0.752964868,0.520910208,0.383321317,0.783983156,0.295716685,0.477512645,1
0.175961709,0.025952501,0.67131318,0.232221397,0.030531094,0.843029268,0.907683376,0.859297076,0.669760534,0.664527476,0
0.535280296,0.794327475,0.592829212,0.632941665,0.60180648,0.655057994,0.597558075,0.362750266,0.927326596,0.351291791,0
0.673518283,0.542377958,0.484129086,0.081183648,0.784675801,0.108218154,0.96373037,0.98354724,0.81193982,0.454627146,1
0.541315473,0.648492934,0.774906651,0.729386901,0.137303776,0.324686123,0.226143013,0.286562947,0.584806679,0.196542956,0
0.344524258,0.612434392,0.387895952,0.726306383,0.010056167,0.867904466,0.056489607,0.486645221,0.088136896,0.688659262,1
0.692068542,0.851761157,0.017604053,0.787650649,0.684442746,0.415294307,0.506319396,0.133332547,0.477217295,0.61699137,1
0.890636584,0.091128603,0.54007253,0.908318422,0.795620767,0.402275497,0.776607127,0.180770538,0.785167112,0.620081988,0
0.507800421,0.723969915,0.47430478,0.698679443,0.349073873,0.587999328,0.825434458,0.115625805,0.607432514,0.516739609,1
0.626864643,0.911714473,0.176539479,0.966272085,0.936361999,0.985748508,0.549399951,0.729149544,0.207354237,0.58159612,1
0.384826761,0.64583555,0.353141776,0.104151394,0.646204934,0.708394185,0.462977931,0.220166748,0.29528815,0.365790746,0
0.901715846,0.571271933,0.364573143,0.697657017,0.817382641,0.5612739,0.817425329,0.753505915,0.631070914,0.995315968,1
0.322778418,0.65130771,0.858400838,0.325538649,0.88637708,0.75837109,0.678349803,0.730502272,0.232768874,0.139194218,0
0.644986525,0.283862453,0.731962527,0.265143253,0.80675932,0.879274654,0.318200711,0.673428778,0.759093359,0.002381239,0
0.342118555,0.199124263,0.494882437,0.110912337,0.077489306,0.173183156,0.843684999,0.960689864,0.22653532,0.645897334,0
0.761881937,0.106718518,0.625576143,0.336965142,0.965414843,0.283948617,0.932633651,0.37241133,0.833194884,0.158436295,1
0.933853247,0.072287941,0.366759364,0.048752162,0.065644888,0.420371008,0.37616243,0.248405669,0.506414468,0.178256485,1
0.790447095,0.382473113,0.195943375,0.384450719,0.719035804,0.661888593,0.582040002,0.858683018,0.116289828,0.432481647,0
0.564621182,0.365000414,0.600569698,0.67098045,0.361577226,0.289504825,0.965689424,0.273928881,0.937555591,0.273836826,0
0.682563759,0.42752946,0.296560503,0.987629702,0.70744949,0.459095759,0.340826526,0.35215609,0.877071883,0.333894534,0
0.739987761,0.1385586,0.501317005,0.459503551,0.029273088,0.868933738,0.260321447,0.708586451,0.751582381,0.231084398,0
0.927783495,0.112881673,0.92872748,0.455403471,0.744184039,0.524745097,0.709078538,0.857737336,0.125926382,0.007825259,1
0.379249422,0.58848542,0.355723428,0.64437599,0.769956734,0.468212426,0.791651415,0.39926382,0.501514568,0.161802413,1
0.838105779,0.566780353,0.090715742,0.78437151,0.47136194,0.864858132,0.684855717,0.49333868,0.822540071,0.373408908,1
0.315241646,0.641902199,0.223968581,0.189627215,0.354168187,0.279042549,0.457132135,0.304231596,0.915066196,0.397774667,1
0.477880065,0.372999839,0.172153962,0.695376887,0.491432683,0.837437216,0.571156004,0.837515328,0.217290395,0.547924581,0
0.957211649,0.61014345,0.188008502,0.522191075,0.110479097,0.511700109,0.511616893,0.880784463,0.907689505,0.312616198,1
0.465838524,0.705360378,0.084019055,0.78754048,0.655436262,0.439819452,0.030842779,0.571615588,0.744928749,0.558379687,1
0.439824672,0.695573069,0.755711813,0.523338437,0.563736866,0.181750118,0.70333849,0.715465115,0.604731819,0.252934109,0
0.612622456,0.432056183,0.514906794,0.846592747,0.977387423,0.645197165,0.607941263,0.044381702,0.380875005,0.491261256,0
0.852264539,0.155039764,0.688924967,0.334289586,0.805530984,0.870334552,0.098507234,0.415872643,0.499937185,0.962795139,0
0.226777506,0.704107589,0.983846348,0.901280926,0.311002585,0.001710099,0.246934987,0.486678305,0.339039601,0.161234465,0
0.601996263,0.388521231,0.287679255,0.671555668,0.522002067,0.791885918,0.456959116,0.768603453,0.236213588,0.412960923,0
0.30123284,0.347631339,0.174134026,0.410235894,0.328850345,0.441658009,0.345441716,0.575444484,0.889694427,0.348315743,0
0.780771206,0.188980221,0.906051591,0.396180307,0.669930821,0.149859615,0.516249891,0.725081591,0.465781333,0.686239768,0
0.808188956,0.979596111,0.610813351,0.253562342,0.398619975,0.954339132,0.837495182,0.494379115,0.071773773,0.485958239,1
0.083138202,0.258283881,0.433428222,0.4509552,0.647233363,0.332831647,0.15266283,0.351306556,0.063435455,0.830847868,0
0.158827101,0.351820941,0.509710805,0.020119371,0.716166634,0.559332072,0.463334978,0.090693544,0.01030654,0.353241155,0
0.31833793,0.361242812,0.294516107,0.377378505,0.772022588,0.001287733,0.310880777,0.570529082,0.479682275,0.549982521,0
0.541429488,0.533193854,0.802604042,0.531955239,0.209006817,0.621384071,0.59859846,0.60928889,0.564929708,0.772169764,1
0.045252869,0.826637212,0.19869617,0.679904425,0.916800628,0.048222375,0.776526925,0.402769767,0.601248124,0.499332277,0
0.971627594,0.129721447,0.787524539,0.446863831,0.311877871,0.831439408,0.87294552,0.590866064,0.116185753,0.282125568,0
0.614090027,0.510610489,0.553241934,0.528531459,0.507544603,0.191066646,0.297585882,0.924062768,0.563015619,0.70836749,0
0.967077128,0.499052245,0.844761656,0.37046905,0.558600778,0.287098993,0.834337493,0.639217779,0.144013112,0.380956259,1
0.268627028,0.621153771,0.12287747,0.719417782,0.162735811,0.895574471,0.279165076,0.120737256,0.138854721,0.747422142,1
0.723221399,0.46146759,0.05679698,0.434650343,0.459743398,0.586799215,0.41847868,0.03548684,0.913528952,0.016277521,1
0.105396256,0.856453841,0.412802626,0.136300931,0.552108358,0.512515129,0.009887022,0.497394351,0.594318459,0.504826706,1
0.71097861,0.951791397,0.873925663,0.324349087,0.397403886,0.583938664,0.394217507,0.369033957,0.521793893,0.40285679,0
0.80943785,0.213992806,0.297399766,0.510791952,0.829143669,0.209247975,0.928236948,0.565988241,0.793531963,0.385881552,1
0.668142951,0.226257416,0.544253492,0.894286414,0.279399385,0.629063164,0.232156235,0.553300258,0.765191161,0.639208705,1
0.867086375,0.4606307,0.033615841,0.634034545,0.830398237,0.283346144,0.893776451,0.49538586,0.489540295,0.421496413,1
0.022181677,0.11601414,0.701271202,0.278801758,0.36938219,0.319387573,0.805991778,0.591173218,0.486226225,0.148253928,0
0.238281579,0.778013278,0.008706554,0.755178369,0.043563328,0.807774663,0.811695159,0.168330774,0.007586105,0.13545561,1
0.953261973,0.792970948,0.716477064,0.784692759,0.050927057,0.005495657,0.314679529,0.963885723,0.884914971,0.738110369,0
0.114584299,0.477205403,0.583769389,0.568324866,0.998309653,0.796407952,0.595421449,0.017073288,0.980324935,0.619030103,1
0.761069953,0.175475254,0.234933415,0.091453791,0.660394691,0.732122272,0.000862272,0.548698358,0.581827176,0.439697028,1
0.202526429,0.026216959,0.921248509,0.475075674,0.874317294,0.40586875,0.798927178,0.668856425,0.320954764,0.18032851,1
0.791869007,0.781766441,0.011369871,0.029357431,0.466055631,0.326157859,0.776378387,0.459399512,0.377340133,0.290914147,1
0.345022122,0.466240501,0.259580785,0.017438777,0.333764054,0.94783591,0.681504314,0.516024309,0.957281053,0.61960828,0
0.833785467,0.040498807,0.468721852,0.829300401,0.941992152,0.319210583,0.592669934,0.612428628,0.606415544,0.742504469,1
0.352840703,0.63394193,0.123903239,0.14436594,0.015427054,0.293925357,0.751357489,0.092738903,0.418254645,0.094603358,0
0.48078183,0.818043804,0.532092629,0.454488286,0.429352953,0.294425873,0.911016369,0.92928528,0.587000911,0.04123299,0
0.605145971,0.050394965,0.375278208,0.983579025,0.44623213,0.8182701,0.215900671,0.862714112,0.903667146,0.580607198,0
0.112305029,0.670806509,0.791658863,0.957981839,0.461696812,0.391225451,0.665659391,0.471183805,0.46890319,0.297893314,1
0.930616402,0.658352202,0.506949294,0.217807066,0.378076225,0.544720302,0.13602022,0.054554434,0.604791929,0.951598932,0
0.845128824,0.19464574,0.272626898,0.297752362,0.991758623,0.044568089,0.770310512,0.487835447,0.948979419,0.219027942,1
0.620255804,0.613345664,0.933630755,0.687169513,0.150303202,0.250298958,0.966281683,0.831047968,0.771790317,0.984964718,1
0.607662995,0.23752907,0.474630311,0.505349394,0.391041672,0.142412395,0.859910139,0.154261451,0.35379523,0.018458172,1
0.14405532,0.654103795,0.283026671,0.92507307,0.499004094,0.183873855,0.159039869,0.780188681,0.577772908,0.278166126,1
0.939798418,0.201483882,0.243780072,0.872642289,0.838082788,0.666096299,0.608717076,0.471656677,0.414231071,0.139198873,0
0.527127739,0.387506693,0.601168015,0.814011848,0.739825933,0.807941686,0.680207771,0.619901858,0.155993086,0.782247663,1
0.740057563,0.394147816,0.338693166,0.788512487,0.203437236,0.791809481,0.215801873,0.759870822,0.256069855,0.293737134,0
0.410735243,0.084250009,0.931568222,0.599417504,0.217841407,0.948826805,0.537492273,0.233013682,0.655644674,0.631272789,1
0.599855603,0.297891163,0.247243631,0.553930668,0.924179974,0.625680644,0.160141062,0.786081723,0.076292189,0.684512801,1
0.917049415,0.09653737,0.235929681,0.387865559,0.317043739,0.495435077,0.597843154,0.721558455,0.42516652,0.524646717,0
0.638885558,0.533144713,0.293311969,0.256576937,0.937616172,0.931532058,0.608395219,0.835685902,0.594599534,0.850936133,0
0.084012682,0.017904904,0.244995079,0.777049106,0.790159056,0.629660472,0.412868749,0.219630192,0.1850526,0.612434676,1
0.77210362,0.414147062,0.239588798,0.033383264,0.663123796,0.762470081,0.822891455,0.576770522,0.074546886,0.474099602,1
0.237729129,0.797954382,0.986084229,0.655325983,0.794687559,0.695293696,0.084136796,0.562147927,0.79861104,0.26903159,1
0.420622235,0.777512367,0.063897157,0.566849871,0.392364486,0.570731366,0.121385351,0.969826814,0.647116384,0.704745063,0
0.198831411,0.879940474,0.133385723,0.791388089,0.353551732,0.611355875,0.71266887,0.488041254,0.913655765,0.380451168,0
0.29836462,0.313578296,0.26571888,0.324071938,0.083609422,0.058174043,0.845934332,0.400055603,0.750450634,0.323592231,1
0.036493057,0.836876294,0.211354392,0.09461855,0.02210287,0.711495614,0.258289229,0.878455427,0.836449791,0.236116328,0
0.616561257,0.451551566,0.993883058,0.641334139,0.340199356,0.877808403,0.238481648,0.912210464,0.957724704,0.398804941,0
0.628319888,0.679452464,0.422734063,0.887081482,0.629808221,0.298746259,0.051534259,0.701941636,0.32871014,0.703063165,1
0.674134177,0.618208377,0.110797474,0.952777635,0.185445479,0.998537214,0.442576067,0.028519945,0.276368059,0.61074469,0
0.634842057,0.711228229,0.331076007,0.552860491,0.528165347,0.672342601,0.508823556,0.078337394,0.76024629,0.695202087,0
0.13834222,0.106490719,0.583941688,0.688005066,0.418452689,0.515467779,0.913966409,0.620833534,0.242325134,0.929111948,1
0.293848412,0.977390199,0.959458328,0.185991172,0.573657727,0.812428124,0.617158586,0.906136589,0.456019683,0.343723912,0
0.701809872,0.002954214,0.043474705,0.366020885,0.546284443,0.639130284,0.568605496,0.868926798,0.312346755,0.749709347,1
0.398897188,0.236726825,0.110581896,0.312391556,0.025016628,0.857898584,0.362839034,0.624354418,0.465880522,0.148881334,0
0.733927932,0.138242522,0.758047907,0.127528356,0.82931825,0.953672257,0.070659001,0.725958218,0.999866083,0.40227267,1
0.492743041,0.104547699,0.387766087,0.772472045,0.036659572,0.37382159,0.974073452,0.141097311,0.139513453,0.655083576,1
0.571670503,0.171329012,0.170411171,0.775982466,0.373729779,0.387027292,0.035118459,0.285632962,0.010785814,0.748923384,0
0.455892574,0.178955055,0.574061743,0.166729269,0.931185501,0.067054827,0.669141877,0.467251532,0.535310301,0.504163105,1
0.768710757,0.350814592,0.101124388,0.234632098,0.051347493,0.294715189,0.37667801,0.654798382,0.430462375,0.936626953,0
0.555299847,0.614441302,0.711628713,0.860665652,0.820223014,0.175892313,0.656023093,0.922160583,0.200598251,0.607558418,1
0.939383385,0.675311536,0.304767979,0.905245827,0.122674555,0.678041452,0.940162168,0.152729083,0.481025116,0.711029538,0
0.450094681,0.724917459,0.274214359,0.41930863,0.130913638,0.163594613,0.226606623,0.594747779,0.154227959,0.84310064,1
0.332059658,0.073645898,0.929267409,0.813927097,0.341924484,0.076718078,0.281426449,0.792662259,0.876807161,0.856003932,1
0.588338759,0.622573736,0.644485143,0.98959646,0.446439567,0.494198522,0.557312875,0.065057586,0.079912169,0.824352256,1
0.088066238,0.181199075,0.798056975,0.50978619,0.265038465,0.792966574,0.895960013,0.955746712,0.44781018,0.636090274,1
0.44019975,0.81437831,0.499731432,0.724053734,0.863515677,0.402609895,0.587329463,0.839217091,0.662858727,0.194046605,0
0.283782478,0.360554953,0.668256364,0.309076427,0.731581597,0.636125402,0.39039269,0.513594309,0.887424882,0.972912526,0
0.083420403,0.998513641,0.350164486,0.47023044,0.649473692,0.196776326,0.571283744,0.852827849,0.34183981,0.553331194,1
0.945187321,0.850090271,0.436277353,0.33858426,0.756726652,0.493048788,0.011394578,0.107301391,0.946602924,0.447569761,1
0.339228867,0.980307611,0.260863804,0.087876774,0.555193762,0.716924049,0.605770518,0.866048494,0.675496617,0.401459131,1
